2013-12-26 23:00:37	728.39
2013-12-27 00:00:36	725.3995
2013-12-27 01:00:38	725.986
2013-12-27 02:00:37	736.284166667
2013-12-27 03:00:38	742.745333333
2013-12-27 04:00:37	745.235666667
2013-12-27 05:00:37	751.509666667
2013-12-27 06:00:37	749.240833333
2013-12-27 07:00:37	744.471
2013-12-27 08:00:37	732.669666667
2013-12-27 09:00:37	737.217
2013-12-27 10:00:37	733.079666667
2013-12-27 11:00:37	727.261333333
2013-12-27 12:00:39	722.6665
2013-12-27 13:00:36	728.418813559
2013-12-27 14:00:37	723.174666667
2013-12-27 15:00:37	723.8595
2013-12-27 16:00:36	730.689
2013-12-27 17:00:37	730.996833333
2013-12-27 18:00:37	725.421666667
2013-12-27 19:00:36	725.062
2013-12-27 20:00:37	734.376
2013-12-27 21:00:36	727.315166667
2013-12-27 22:00:36	727.586
2013-12-27 23:00:37	731.960166667
2013-12-28 00:00:36	739.555666667
2013-12-28 01:00:36	732.132833333
2013-12-28 02:00:36	730.440666667
2013-12-28 03:00:36	732.076
2013-12-28 04:00:36	738.045833333
2013-12-28 05:00:36	740.680333333
2013-12-28 06:00:36	741.2075
2013-12-28 07:00:36	742.757166667
2013-12-28 08:00:37	741.200166667
2013-12-28 09:00:36	735.046333333
2013-12-28 10:00:36	727.638166667
2013-12-28 11:00:36	714.361833333
2013-12-28 12:00:36	726.294166667
2013-12-28 13:00:36	726.198
2013-12-28 14:00:36	726.350517241
2013-12-28 15:00:36	730.777833333
2013-12-28 16:00:36	726.9985
2013-12-28 17:00:36	727.173833333
2013-12-28 18:00:37	726.5255
2013-12-28 19:00:37	723.078666667
2013-12-28 20:00:37	724.007833333
2013-12-28 21:00:36	717.775166667
2013-12-28 22:00:35	720.769
2013-12-28 23:00:35	723.3575
2013-12-29 00:00:35	724.481333333
2013-12-29 01:00:35	724.166
2013-12-29 02:00:35	719.831333333
2013-12-29 03:00:36	717.806166667
2013-12-29 04:00:35	718.419666667
2013-12-29 05:00:35	727.0385
2013-12-29 06:00:35	726.016666667
2013-12-29 07:00:35	723.849
2013-12-29 08:00:36	723.026166667
2013-12-29 09:00:35	725.948333333
2013-12-29 10:00:35	724.020166667
2013-12-29 11:00:36	722.576
2013-12-29 12:00:35	722.202833333
2013-12-29 13:00:35	726.677333333
2013-12-29 14:00:35	733.470666667
2013-12-29 15:00:36	736.744
2013-12-29 16:00:36	737.064333333
2013-12-29 17:00:35	737.3195
2013-12-29 18:00:35	737.355833333
2013-12-29 19:00:37	744.251333333
2013-12-29 20:00:36	746.898666667
2013-12-29 21:00:36	743.613666667
2013-12-29 22:00:35	745.624
2013-12-29 23:00:35	743.002166667
2013-12-30 00:00:35	739.490666667
2013-12-30 01:00:35	739.478
2013-12-30 02:00:35	740.196
2013-12-30 03:00:35	738.599666667
2013-12-30 04:00:35	738.997833333
2013-12-30 05:00:35	744.383
2013-12-30 06:00:35	744.5815
2013-12-30 07:00:36	743.013833333
2013-12-30 08:00:36	743.571333333
2013-12-30 09:00:36	743.032666667
2013-12-30 10:00:35	745.755
2013-12-30 11:00:35	746.509333333
2013-12-30 12:00:34	745.778474576
2013-12-30 13:00:34	746.450666667
2013-12-30 14:00:35	748.07
2013-12-30 15:00:37	747.184333333
2013-12-30 16:00:34	745.850666667
2013-12-30 17:00:34	744.041166667
2013-12-30 18:00:35	742.498333333
2013-12-30 19:00:49	738.7875
2013-12-30 20:00:35	733.535666667
2013-12-30 21:00:35	727.995666667
2013-12-30 22:00:35	730.0335
2013-12-30 23:00:34	731.966
2013-12-31 00:00:35	730.510166667
2013-12-31 01:00:34	733.103166667
2013-12-31 02:00:34	734.168305085
2013-12-31 03:00:35	737.571833333
2013-12-31 04:00:35	739.382833333
2013-12-31 05:00:34	739.2945
2013-12-31 06:00:34	739.648333333
2013-12-31 07:00:34	744.0885
2013-12-31 08:00:34	743.664333333
2013-12-31 09:00:34	744.825833333
2013-12-31 10:00:35	743.765333333
2013-12-31 11:00:34	742.604666667
2013-12-31 12:00:34	740.167833333
2013-12-31 13:00:34	742.3245
2013-12-31 14:00:34	742.450833333
2013-12-31 15:00:34	738.558135593
2013-12-31 16:00:34	740.748833333
2013-12-31 17:00:34	745.730833333
2013-12-31 18:00:34	748.712833333
2013-12-31 19:00:34	759.257666667
2013-12-31 20:00:34	754.627166667
2013-12-31 21:00:34	757.052666667
2013-12-31 22:00:34	758.989333333
2013-12-31 23:00:34	755.059333333
2014-01-01 00:00:34	757.222
2014-01-01 01:00:34	756.228333333
2014-01-01 02:00:34	754.772166667
2014-01-01 03:00:33	751.243333333
2014-01-01 04:00:34	749.852333333
2014-01-01 05:00:33	751.5555
2014-01-01 06:00:34	754.042166667
2014-01-01 07:00:34	752.9745
2014-01-01 08:00:34	753.462666667
2014-01-01 09:00:34	753.811833333
2014-01-01 10:00:33	754.482333333
2014-01-01 11:00:33	755.509
2014-01-01 12:00:34	755.831666667
2014-01-01 13:00:33	756.861166667
2014-01-01 14:00:34	759.952166667
2014-01-01 15:00:33	762.256833333
2014-01-01 16:00:34	762.599333333
2014-01-01 17:00:34	761.147
2014-01-01 18:00:34	759.983833333
2014-01-01 19:00:33	760.092666667
2014-01-01 20:00:33	758.540166667
2014-01-01 21:00:33	756.1195
2014-01-01 22:00:34	757.249166667
2014-01-01 23:00:33	755.814333333
2014-01-02 00:00:33	754.861833333
2014-01-02 01:00:34	756.934666667
2014-01-02 02:00:33	757.204166667
2014-01-02 03:00:33	760.255833333
2014-01-02 04:00:34	766.043166667
2014-01-02 05:00:32	766.216
2014-01-02 06:00:32	764.02
2014-01-02 07:00:33	762.878333333
2014-01-02 08:00:34	762.652166667
2014-01-02 09:00:33	764.952833333
2014-01-02 10:00:33	765.940169492
2014-01-02 11:00:33	769.285762712
2014-01-02 12:00:33	777.494
2014-01-02 13:00:33	789.123
2014-01-02 14:00:32	802.810166667
2014-01-02 15:00:33	794.567666667
2014-01-02 16:00:33	796.524
2014-01-02 17:00:33	794.132333333
2014-01-02 18:00:33	792.570333333
2014-01-02 19:00:33	786.498166667
2014-01-02 20:00:33	783.3805
2014-01-02 21:00:33	790.926333333
2014-01-02 22:00:38	789.418833333
2014-01-02 23:00:41	791.559333333
2014-01-03 00:00:32	791.908888889
2014-01-03 01:00:32	799.276333333
2014-01-03 02:00:32	805.508833333
2014-01-03 03:00:33	814.546
2014-01-03 04:00:32	819.376833333
2014-01-03 05:00:32	815.5705
2014-01-03 06:00:33	825.267
2014-01-03 07:00:33	821.059833333
2014-01-03 08:00:32	823.020333333
2014-01-03 09:00:32	817.888166667
2014-01-03 10:00:32	819.046833333
2014-01-03 11:00:32	815.664
2014-01-03 12:00:33	807.715333333
2014-01-03 13:00:32	809.84
2014-01-03 14:00:33	810.129833333
2014-01-03 15:00:32	815.462333333
2014-01-03 16:00:33	818.025666667
2014-01-03 17:00:32	815.364666667
2014-01-03 18:00:32	811.131166667
2014-01-03 19:00:32	810.356166667
2014-01-03 20:00:32	811.850666667
2014-01-03 21:00:32	805.296833333
2014-01-03 22:00:32	808.506666667
2014-01-03 23:00:32	808.2225
2014-01-04 00:00:32	812.4575
2014-01-04 01:00:32	819.798166667
2014-01-04 02:00:32	820.159833333
2014-01-04 03:00:32	818.622333333
2014-01-04 04:00:32	818.925333333
2014-01-04 05:00:32	818.865166667
2014-01-04 06:00:32	817.341
2014-01-04 07:00:32	817.148666667
2014-01-04 08:00:33	821.900666667
2014-01-04 09:00:33	830.499
2014-01-04 10:00:32	834.15
2014-01-04 11:00:31	836.611333333
2014-01-04 12:00:33	833.460166667
2014-01-04 13:00:32	837.661666667
2014-01-04 14:00:32	834.716
2014-01-04 15:00:32	837.892666667
2014-01-04 16:00:32	838.5925
2014-01-04 17:00:32	845.216949153
2014-01-04 18:00:31	847.341333333
2014-01-04 19:00:31	843.517833333
2014-01-04 20:00:32	845.7485
2014-01-04 21:00:31	850.312666667
2014-01-04 22:00:32	851.328666667
2014-01-04 23:00:31	848.774333333
2014-01-05 00:00:32	848.5075
2014-01-05 01:00:31	850.927333333
2014-01-05 02:00:31	851.760166667
2014-01-05 03:00:31	850.933
2014-01-05 04:00:31	849.642166667
2014-01-05 05:00:31	855.053833333
2014-01-05 06:00:31	862.97220339
2014-01-05 07:00:32	879.794
2014-01-05 08:00:32	900.342666667
2014-01-05 09:00:31	913.3875
2014-01-05 10:00:31	906.279333333
2014-01-05 11:00:31	914.298833333
2014-01-05 12:00:32	933.767333333
2014-01-05 13:00:31	935.231333333
2014-01-05 14:00:31	931.520166667
2014-01-05 15:00:31	919.204666667
2014-01-05 16:00:31	913.797166667
2014-01-05 17:00:31	923.278833333
2014-01-05 18:00:30	919.707
2014-01-05 19:00:31	933.814
2014-01-05 20:00:31	945.776666667
2014-01-05 21:01:31	957.584833333
2014-01-05 22:00:31	954.028305085
2014-01-05 23:00:30	971.85
2014-01-06 00:00:30	975.975333333
2014-01-06 01:00:31	982.888666667
2014-01-06 02:02:30	992.8536
2014-01-06 03:00:31	999.35952381
2014-01-06 04:00:31	983.146428571
2014-01-06 05:00:30	961.534909091
2014-01-06 06:00:30	943.556666667
2014-01-06 07:00:30	951.419666667
2014-01-06 08:01:36	939.95637931
2014-01-06 09:00:31	916.412280702
2014-01-06 10:00:30	933.741333333
2014-01-06 11:00:31	942.782
2014-01-06 12:00:30	934.619333333
2014-01-06 13:00:31	941.769666667
2014-01-06 14:00:31	947.8855
2014-01-06 15:00:31	935.540333333
2014-01-06 16:00:30	925.662
2014-01-06 17:00:29	930.402166667
2014-01-06 18:00:30	941.211346154
2014-01-06 19:00:30	950.172
2014-01-06 20:00:30	945.518166667
2014-01-06 21:00:30	939.388
2014-01-06 22:00:30	939.888666667
2014-01-06 23:00:29	922.261166667
2014-01-07 00:00:30	924.384745763
2014-01-07 01:00:30	923.1655
2014-01-07 02:00:30	922.327666667
2014-01-07 03:00:30	920.066666667
2014-01-07 04:00:29	906.473833333
2014-01-07 05:00:30	890.994666667
2014-01-07 06:00:29	879.183666667
2014-01-07 07:00:29	887.525666667
2014-01-07 08:00:32	896.698
2014-01-07 09:00:30	894.489833333
2014-01-07 10:00:30	892.02
2014-01-07 11:00:29	867.2185
2014-01-07 12:00:29	851.3485
2014-01-07 13:00:29	860.481166667
2014-01-07 14:00:29	839.174745763
2014-01-07 15:00:30	824.302333333
2014-01-07 16:00:41	818.714333333
2014-01-07 17:00:40	788.2465
2014-01-07 18:00:30	806.344333333
2014-01-07 19:00:30	833.505166667
2014-01-07 20:00:30	836.144666667
2014-01-07 21:00:29	830.540166667
2014-01-07 22:00:30	815.934833333
2014-01-07 23:00:29	817.887166667
2014-01-08 00:00:29	805.824666667
2014-01-08 01:00:29	819.169166667
2014-01-08 02:00:29	837.656333333
2014-01-08 03:00:29	845.672
2014-01-08 04:00:29	850.414833333
2014-01-08 05:00:29	843.1815
2014-01-08 06:00:29	834.925
2014-01-08 07:00:29	825.917
2014-01-08 08:00:29	812.989333333
2014-01-08 09:00:29	811.106666667
2014-01-08 10:00:30	822.34
2014-01-08 11:00:29	836.249166667
2014-01-08 12:00:29	821.285
2014-01-08 13:00:29	825.245
2014-01-08 14:00:28	825.089333333
2014-01-08 15:00:29	828.079666667
2014-01-08 16:00:29	829.382666667
2014-01-08 17:00:29	840.205833333
2014-01-08 18:00:29	837.050333333
2014-01-08 19:00:29	828.1585
2014-01-08 20:00:29	829.379
2014-01-08 21:00:46	831.216166667
2014-01-08 22:00:28	839.740847458
2014-01-08 23:00:29	844.1005
2014-01-09 00:00:28	847.812833333
2014-01-09 01:00:29	851.938333333
2014-01-09 02:00:29	850.044666667
2014-01-09 03:00:28	843.582833333
2014-01-09 04:00:28	830.602333333
2014-01-09 05:00:28	831.182166667
2014-01-09 06:00:29	820.049333333
2014-01-09 07:00:29	808.137833333
2014-01-09 08:00:28	810.993833333
2014-01-09 09:00:29	822.146333333
2014-01-09 10:00:29	820.638166667
2014-01-09 11:00:28	811.950333333
2014-01-09 12:00:29	809.6265
2014-01-09 13:00:28	830.802
2014-01-09 14:00:28	836.5595
2014-01-09 15:00:28	844.65
2014-01-09 16:00:29	846.1175
2014-01-09 17:00:29	835.092333333
2014-01-09 18:00:28	828.561
2014-01-09 19:00:28	823.443333333
2014-01-09 20:00:29	826.346833333
2014-01-09 21:00:28	825.530508475
2014-01-09 22:00:29	819.866333333
2014-01-09 23:00:28	823.115
2014-01-10 00:00:27	821.407333333
2014-01-10 01:00:28	830.1645
2014-01-10 02:00:28	834.285666667
2014-01-10 03:00:28	830.7305
2014-01-10 04:00:28	830.344833333
2014-01-10 05:00:28	830.395
2014-01-10 06:00:28	830.958666667
2014-01-10 07:00:27	828.551166667
2014-01-10 08:00:28	835.480666667
2014-01-10 09:00:28	835.722
2014-01-10 10:00:28	838.339666667
2014-01-10 11:00:27	841.615
2014-01-10 12:00:28	843.0045
2014-01-10 13:00:27	840.203333333
2014-01-10 14:00:27	844.452
2014-01-10 15:00:27	858.9405
2014-01-10 16:00:28	861.810333333
2014-01-10 17:00:27	863.055666667
2014-01-10 18:00:28	875.955333333
2014-01-10 19:00:28	883.545084746
2014-01-10 20:00:27	877.778166667
2014-01-10 21:00:27	876.7215
2014-01-10 22:00:28	873.822881356
2014-01-10 23:00:29	867.376779661
2014-01-11 00:00:26	868.519333333
2014-01-11 01:00:28	876.032333333
2014-01-11 02:00:27	878.562833333
2014-01-11 03:00:27	883.063333333
2014-01-11 04:00:27	905.183666667
2014-01-11 05:00:27	904.374166667
2014-01-11 06:00:26	903.6075
2014-01-11 07:00:27	899.9215
2014-01-11 08:00:27	901.355833333
2014-01-11 09:00:27	909.8115
2014-01-11 10:00:27	904.891833333
2014-01-11 11:00:28	898.102
2014-01-11 12:00:27	896.788166667
2014-01-11 13:00:26	894.614833333
2014-01-11 14:00:27	897.295833333
2014-01-11 15:00:27	898.479
2014-01-11 16:00:26	899.896333333
2014-01-11 17:00:27	910.067
2014-01-11 18:00:28	906.911
2014-01-11 19:00:27	899.617666667
2014-01-11 20:00:27	896.996833333
2014-01-11 21:00:26	892.591666667
2014-01-11 22:00:26	895.464833333
2014-01-11 23:00:27	890.8615
2014-01-12 00:00:27	883.384333333
2014-01-12 01:00:27	883.816833333
2014-01-12 02:00:27	887.453166667
2014-01-12 03:00:26	877.419
2014-01-12 04:00:26	864.5005
2014-01-12 05:00:27	855.031833333
2014-01-12 06:00:26	846.712166667
2014-01-12 07:00:26	858.0615
2014-01-12 08:00:27	864.6025
2014-01-12 09:00:26	871.661666667
2014-01-12 10:00:26	869.664166667
2014-01-12 11:00:26	861.936333333
2014-01-12 12:00:26	869.405833333
2014-01-12 13:00:26	864.918
2014-01-12 14:00:26	865.5675
2014-01-12 15:00:27	856.591833333
2014-01-12 16:00:26	856.987833333
2014-01-12 17:00:26	842.525833333
2014-01-12 18:00:26	848.378333333
2014-01-12 19:00:27	846.226833333
2014-01-12 20:00:27	850.0245
2014-01-12 21:00:26	845.968833333
2014-01-12 22:00:26	837.990833333
2014-01-12 23:00:26	831.358833333
2014-01-13 00:00:26	831.409666667
2014-01-13 01:00:26	826.739166667
2014-01-13 02:00:26	832.741166667
2014-01-13 03:00:26	827.291166667
2014-01-13 04:00:26	824.547666667
2014-01-13 05:00:26	824.699333333
2014-01-13 06:00:26	809.748333333
2014-01-13 07:00:27	808.835166667
2014-01-13 08:00:25	819.4585
2014-01-13 09:00:26	818.862068966
2014-01-13 10:00:26	813.248833333
2014-01-13 11:00:25	820.114666667
2014-01-13 12:00:26	820.393833333
2014-01-13 13:00:26	820.041666667
2014-01-13 14:00:26	827.7605
2014-01-13 15:00:26	832.848333333
2014-01-13 16:00:26	835.4425
2014-01-13 17:00:25	833.355833333
2014-01-13 18:00:26	830.972166667
2014-01-13 19:00:25	832.160833333
2014-01-13 20:00:26	834.338833333
2014-01-13 21:00:25	837.301666667
2014-01-13 22:00:26	840.961166667
2014-01-13 23:00:25	839.0045
2014-01-14 00:00:26	838.883166667
2014-01-14 01:00:26	844.33
2014-01-14 02:00:25	840.085
2014-01-14 03:00:25	833.030833333
2014-01-14 04:00:26	833.166333333
2014-01-14 05:00:26	826.936666667
2014-01-14 06:00:26	822.103166667
2014-01-14 07:00:26	831.172833333
2014-01-14 08:00:25	830.086833333
2014-01-14 09:00:26	833.620833333
2014-01-14 10:00:25	834.108
2014-01-14 11:00:25	829.894833333
2014-01-14 12:00:26	831.466
2014-01-14 13:00:26	831.978666667
2014-01-14 14:00:25	831.9455
2014-01-14 15:00:25	828.7385
2014-01-14 16:00:26	827.383166667
2014-01-14 17:00:25	824.338666667
2014-01-14 18:00:25	829.116166667
2014-01-14 19:00:25	829.016166667
2014-01-14 20:00:26	827.755666667
2014-01-14 21:00:25	832.161833333
2014-01-14 22:00:25	840.258666667
2014-01-14 23:00:25	844.535
2014-01-15 00:00:25	842.4315
2014-01-15 01:00:24	845.134833333
2014-01-15 02:00:25	844.7515
2014-01-15 03:00:25	851.1735
2014-01-15 04:00:25	847.2125
2014-01-15 05:00:25	848.282666667
2014-01-15 06:00:25	841.053833333
2014-01-15 07:00:25	846.927666667
2014-01-15 08:00:25	851.918166667
2014-01-15 09:00:24	855.513166667
2014-01-15 10:00:24	852.792
2014-01-15 11:00:25	855.880666667
2014-01-15 12:00:25	853.905333333
2014-01-15 13:00:25	850.564666667
2014-01-15 14:00:25	847.357333333
2014-01-15 15:00:24	851.482
2014-01-15 16:00:25	851.193666667
2014-01-15 17:00:25	852.9995
2014-01-15 18:00:24	852.2585
2014-01-15 19:00:24	853.091666667
2014-01-15 20:00:24	851.933833333
2014-01-15 21:00:24	851.337
2014-01-15 22:00:24	852.411
2014-01-15 23:00:24	855.336
2014-01-16 00:00:25	854.574333333
2014-01-16 01:00:24	853.672333333
2014-01-16 02:00:25	851.462666667
2014-01-16 03:00:24	849.558166667
2014-01-16 04:00:24	846.5475
2014-01-16 05:00:24	841.138
2014-01-16 06:00:25	835.492833333
2014-01-16 07:00:25	837.263666667
2014-01-16 08:00:24	840.144833333
2014-01-16 09:00:25	837.832833333
2014-01-16 10:00:25	834.726333333
2014-01-16 11:00:24	836.729
2014-01-16 12:00:42	834.439310345
2014-01-16 13:00:24	831.610666667
2014-01-16 14:00:24	830.7875
2014-01-16 15:00:24	827.8575
2014-01-16 16:00:24	825.297
2014-01-16 17:00:23	822.7165
2014-01-16 18:00:24	826.388333333
2014-01-16 19:00:24	825.651833333
2014-01-16 20:00:24	822.529333333
2014-01-16 21:00:25	815.000666667
2014-01-16 22:00:23	815.351666667
2014-01-16 23:00:24	815.786166667
2014-01-17 00:00:24	822.005
2014-01-17 01:00:23	824.778166667
2014-01-17 02:00:24	823.1375
2014-01-17 03:00:23	818.506666667
2014-01-17 04:00:24	810.693
2014-01-17 05:00:23	811.4625
2014-01-17 06:00:24	809.721666667
2014-01-17 07:00:23	804.060333333
2014-01-17 08:00:24	799.264333333
2014-01-17 09:00:24	803.072333333
2014-01-17 10:00:23	803.466833333
2014-01-17 11:00:23	797.479166667
2014-01-17 12:00:24	790.635666667
2014-01-17 13:00:23	789.2325
2014-01-17 14:00:24	794.446333333
2014-01-17 15:00:23	803.075
2014-01-17 16:00:23	803.151166667
2014-01-17 17:00:24	811.554
2014-01-17 18:00:23	817.777833333
2014-01-17 19:00:24	815.504666667
2014-01-17 20:00:23	813.149166667
2014-01-17 21:00:23	813.814
2014-01-17 22:00:23	818.429166667
2014-01-17 23:00:23	819.3255
2014-01-18 00:00:23	817.470666667
2014-01-18 01:00:23	817.809833333
2014-01-18 02:00:23	818.144833333
2014-01-18 03:00:23	819.626833333
2014-01-18 04:00:23	824.011
2014-01-18 05:00:23	822.076833333
2014-01-18 06:00:23	820.763833333
2014-01-18 07:00:23	823.314666667
2014-01-18 08:00:23	816.7515
2014-01-18 09:00:23	811.726833333
2014-01-18 10:00:23	813.221166667
2014-01-18 11:00:23	815.377833333
2014-01-18 12:00:23	817.647833333
2014-01-18 13:00:24	815.899
2014-01-18 14:00:23	815.120333333
2014-01-18 15:00:23	816.753
2014-01-18 16:00:22	818.8435
2014-01-18 17:00:23	820.764166667
2014-01-18 18:00:24	819.024833333
2014-01-18 19:00:23	816.919166667
2014-01-18 20:00:23	811.876833333
2014-01-18 21:00:22	808.630666667
2014-01-18 22:00:23	808.085
2014-01-18 23:00:22	807.972
2014-01-19 00:00:23	809.537666667
2014-01-19 01:00:23	814.032333333
2014-01-19 02:00:22	815.197666667
2014-01-19 03:00:22	815.421
2014-01-19 04:00:22	817.257666667
2014-01-19 05:00:22	818.535
2014-01-19 06:00:23	821.686
2014-01-19 07:00:23	825.867666667
2014-01-19 08:00:23	838.898166667
2014-01-19 09:00:22	838.237
2014-01-19 10:00:22	838.26
2014-01-19 11:00:23	839.229
2014-01-19 12:00:22	834.050333333
2014-01-19 13:00:22	837.034166667
2014-01-19 14:00:22	836.549333333
2014-01-19 15:00:22	836.324333333
2014-01-19 16:00:22	845.046166667
2014-01-19 17:00:22	845.1465
2014-01-19 18:00:22	842.848
2014-01-19 19:00:22	848.7415
2014-01-19 20:00:21	852.487
2014-01-19 21:00:22	847.637833333
2014-01-19 22:00:22	846.987166667
2014-01-19 23:00:22	847.367
2014-01-20 00:00:22	846.665333333
2014-01-20 01:00:22	845.784666667
2014-01-20 02:00:22	844.331166667
2014-01-20 03:00:21	843.281
2014-01-20 04:00:22	843.018666667
2014-01-20 05:00:21	839.859166667
2014-01-20 06:00:22	836.058666667
2014-01-20 07:00:23	834.549666667
2014-01-20 08:00:21	827.523
2014-01-20 09:00:22	833.423
2014-01-20 10:00:21	837.687
2014-01-20 11:00:22	838.620166667
2014-01-20 12:00:22	837.963
2014-01-20 13:00:22	838.243166667
2014-01-20 14:00:21	843.331666667
2014-01-20 15:00:22	841.5505
2014-01-20 16:00:21	839.539833333
2014-01-20 17:00:22	836.531166667
2014-01-20 18:00:21	838.197333333
2014-01-20 19:00:22	837.340166667
2014-01-20 20:00:21	834.179333333
2014-01-20 21:00:21	833.3895
2014-01-20 22:00:21	833.587833333
2014-01-20 23:00:21	831.5455
2014-01-21 00:00:22	830.0165
2014-01-21 01:00:21	828.232333333
2014-01-21 02:00:22	827.894833333
2014-01-21 03:00:21	826.078
2014-01-21 04:00:21	828.046333333
2014-01-21 05:00:21	829.513333333
2014-01-21 06:00:21	831.265833333
2014-01-21 07:00:21	832.873
2014-01-21 08:00:21	832.882833333
2014-01-21 09:00:21	830.199
2014-01-21 10:00:21	829.798166667
2014-01-21 11:00:21	829.778666667
2014-01-21 12:00:21	828.163
2014-01-21 13:00:21	827.688666667
2014-01-21 14:00:21	829.059833333
2014-01-21 15:00:21	829.164666667
2014-01-21 16:00:21	831.499666667
2014-01-21 17:00:21	832.541166667
2014-01-21 18:00:21	831.429666667
2014-01-21 19:00:21	830.8955
2014-01-21 20:00:20	830.8205
2014-01-21 21:00:21	830.835166667
2014-01-21 22:00:20	831.268833333
2014-01-22 00:21:21	831.622857143
2014-01-22 01:00:21	830.192307692
2014-01-22 02:00:21	828.670666667
2014-01-22 03:00:21	828.6965
2014-01-22 04:00:21	824.135833333
2014-01-22 05:00:21	818.877666667
2014-01-22 06:00:21	817.135
2014-01-22 07:00:21	821.8935
2014-01-22 08:00:21	826.349166667
2014-01-22 09:00:21	820.884
2014-01-22 10:00:21	825.774666667
2014-01-22 11:00:20	823.155666667
2014-01-22 12:00:21	825.563333333
2014-01-22 13:00:20	826.564833333
2014-01-22 14:00:21	828.139166667
2014-01-22 15:00:20	827.942
2014-01-22 16:00:20	828.9235
2014-01-22 17:00:20	827.475833333
2014-01-22 18:00:20	828.673666667
2014-01-22 19:00:22	831.662666667
2014-01-22 20:00:20	828.636333333
2014-01-22 21:00:20	827.701166667
2014-01-22 22:00:21	828.261666667
2014-01-22 23:00:20	829.296166667
2014-01-23 00:00:20	825.903833333
2014-01-23 01:00:20	828.249482759
2014-01-23 02:00:20	827.279333333
2014-01-23 03:00:19	826.324333333
2014-01-23 04:00:20	827.021666667
2014-01-23 05:00:20	823.668333333
2014-01-23 06:00:20	821.776166667
2014-01-23 07:00:19	819.384333333
2014-01-23 08:00:19	819.383666667
2014-01-23 09:00:20	815.362333333
2014-01-23 10:00:20	819.023833333
2014-01-23 11:00:20	821.630166667
2014-01-23 12:00:20	819.727
2014-01-23 13:00:20	821.582166667
2014-01-23 14:00:20	823.225333333
2014-01-23 15:00:20	824.354833333
2014-01-23 16:00:20	821.597
2014-01-23 17:00:19	818.765666667
2014-01-23 18:00:20	818.307166667
2014-01-23 19:00:20	812.030833333
2014-01-23 20:00:20	804.398166667
2014-01-23 21:00:19	800.0805
2014-01-23 22:00:19	788.946833333
2014-01-23 23:00:20	789.4095
2014-01-24 00:00:19	782.544666667
2014-01-24 01:00:19	792.423666667
2014-01-24 02:00:19	800.467333333
2014-01-24 03:00:20	799.155
2014-01-24 04:00:20	794.95625
2014-01-24 05:00:20	792.829166667
2014-01-24 06:00:19	798.888833333
2014-01-24 07:00:20	803.291833333
2014-01-24 08:00:20	800.377333333
2014-01-24 09:00:20	796.224833333
2014-01-24 10:00:20	799.569166667
2014-01-24 11:00:21	800.5405
2014-01-24 12:00:19	801.717333333
2014-01-24 13:00:20	797.066166667
2014-01-24 14:00:19	796.799
2014-01-24 15:00:19	794.118
2014-01-24 16:00:20	790.540833333
2014-01-24 17:00:19	787.143666667
2014-01-24 18:00:19	794.106610169
2014-01-24 19:00:19	792.5035
2014-01-24 20:00:19	795.738333333
2014-01-24 21:00:19	797.844833333
2014-01-24 22:00:19	803.081333333
2014-01-24 23:00:19	801.937833333
2014-01-25 00:00:19	802.921166667
2014-01-25 01:00:19	804.541833333
2014-01-25 02:00:19	804.31
2014-01-25 03:00:19	804.31
2014-01-25 04:00:19	804.31
2014-01-25 05:00:18	804.31
2014-01-25 06:00:18	804.31
2014-01-25 07:00:19	802.968
2014-01-25 08:00:19	799.9755
2014-01-25 09:00:19	804.9895
2014-01-25 10:00:19	814.519166667
2014-01-25 11:00:19	816.815166667
2014-01-25 12:00:19	819.671833333
2014-01-25 13:00:19	824.450666667
2014-01-25 14:00:19	823.755166667
2014-01-25 15:00:19	822.640666667
2014-01-25 16:00:18	816.278666667
2014-01-25 17:00:18	812.211833333
2014-01-25 18:00:18	814.945666667
2014-01-25 19:00:18	816.007666667
2014-01-25 20:00:18	815.4225
2014-01-25 21:00:18	816.606666667
2014-01-25 22:00:19	813.018333333
2014-01-25 23:00:18	813.370666667
2014-01-26 00:00:18	815.929833333
2014-01-26 01:00:19	813.620833333
2014-01-26 02:00:19	810.279833333
2014-01-26 03:00:18	817.98
2014-01-26 04:00:18	816.8785
2014-01-26 05:00:19	818.295333333
2014-01-26 06:00:18	820.1445
2014-01-26 07:00:19	826.644
2014-01-26 08:00:18	836.325333333
2014-01-26 09:00:18	834.0855
2014-01-26 10:00:19	837.2865
2014-01-26 11:00:19	836.675166667
2014-01-26 12:00:18	832.796166667
2014-01-26 13:00:18	829.931666667
2014-01-26 14:00:18	829.564166667
2014-01-26 15:00:19	828.463666667
2014-01-26 16:00:18	825.4425
2014-01-26 17:00:17	823.041833333
2014-01-26 18:00:17	825.8985
2014-01-26 19:00:18	827.896833333
2014-01-26 20:00:18	828.3575
2014-01-26 21:00:18	830.915166667
2014-01-26 22:00:18	829.474166667
2014-01-26 23:00:18	827.140333333
2014-01-27 00:00:18	827.174833333
2014-01-27 01:00:17	827.988166667
2014-01-27 02:00:17	826.385333333
2014-01-27 03:00:17	823.763166667
2014-01-27 04:00:18	818.193833333
2014-01-27 05:00:18	816.6425
2014-01-27 06:00:18	818.801666667
2014-01-27 07:00:17	817.208166667
2014-01-27 08:00:18	817.993833333
2014-01-27 09:00:18	811.504166667
2014-01-27 10:00:17	793.422333333
2014-01-27 11:00:18	794.894166667
2014-01-27 12:00:18	794.568
2014-01-27 13:00:17	787.315
2014-01-27 14:00:18	783.357627119
2014-01-27 15:00:18	768.579666667
2014-01-27 16:00:17	750.853333333
2014-01-27 17:00:18	759.4515
2014-01-27 18:00:16	769.184
2014-01-27 19:00:17	778.962333333
2014-01-27 20:00:17	779.335666667
2014-01-27 21:00:17	770.186666667
2014-01-27 22:00:17	766.316610169
2014-01-27 23:00:17	761.644
2014-01-28 00:00:17	770.219333333
2014-01-28 01:00:17	767.643
2014-01-28 02:00:18	768.217833333
2014-01-28 03:00:17	775.8445
2014-01-28 04:00:17	789.692333333
2014-01-28 05:00:16	798.538166667
2014-01-28 06:00:20	797.822333333
2014-01-28 07:00:17	810.324666667
2014-01-28 08:00:17	800.192
2014-01-28 09:00:17	811.266666667
2014-01-28 10:00:17	815.959166667
2014-01-28 11:00:17	810.2315
2014-01-28 12:00:17	805.891166667
2014-01-28 13:00:18	799.108333333
2014-01-28 14:00:17	803.687333333
2014-01-28 15:00:17	805.868
2014-01-28 16:00:17	801.9665
2014-01-28 17:00:17	795.156666667
2014-01-28 18:00:18	797.496666667
2014-01-28 19:00:16	800.028833333
2014-01-28 20:00:16	800.529833333
2014-01-28 21:00:17	802.501166667
2014-01-28 22:00:16	797.753
2014-01-28 23:00:17	798.488
2014-01-29 00:00:16	802.354666667
2014-01-29 01:00:17	800.951
2014-01-29 02:00:17	802.627666667
2014-01-29 03:00:16	801.851
2014-01-29 04:00:17	806.093833333
2014-01-29 05:00:17	806.4905
2014-01-29 06:00:17	806.190833333
2014-01-29 07:00:17	804.786666667
2014-01-29 08:00:31	805.893
2014-01-29 09:00:17	809.544166667
2014-01-29 10:00:17	812.7075
2014-01-29 11:00:16	809.634333333
2014-01-29 12:00:16	808.449607843
2014-01-29 13:00:16	805.209491525
2014-01-29 14:00:17	803.485833333
2014-01-29 15:00:16	804.127166667
2014-01-29 16:00:17	802.805666667
2014-01-29 17:00:16	803.746666667
2014-01-29 18:00:17	803.730847458
2014-01-29 19:00:16	802.200166667
2014-01-29 20:00:16	801.936166667
2014-01-29 21:00:17	803.478
2014-01-29 22:00:16	802.782166667
2014-01-29 23:02:40	799.451612903
2014-01-30 00:00:09	794.858793103
2014-01-30 01:00:09	788.733
2014-01-30 02:00:08	786.7795
2014-01-30 03:00:09	791.571333333
2014-01-30 04:00:09	791.423333333
2014-01-30 05:00:08	788.3715
2014-01-30 06:00:09	791.533666667
2014-01-30 07:00:08	796.0725
2014-01-30 08:00:08	796.891666667
2014-01-30 09:00:08	810.274833333
2014-01-30 10:00:09	813.458
2014-01-30 11:00:08	813.172
2014-01-30 12:00:08	812.399833333
2014-01-30 13:00:09	809.920666667
2014-01-30 14:00:09	809.899
2014-01-30 15:00:08	808.764833333
2014-01-30 16:00:08	808.662333333
2014-01-30 17:00:08	810.805666667
2014-01-30 18:00:08	810.635333333
2014-01-30 19:00:08	810.715
2014-01-30 20:00:08	807.073833333
2014-01-30 21:00:09	809.546666667
2014-01-30 22:00:08	810.708166667
2014-01-30 23:00:07	805.489833333
2014-01-31 00:00:08	807.644
2014-01-31 01:00:08	815.094333333
2014-01-31 02:00:08	816.734333333
2014-01-31 03:00:08	814.8905
2014-01-31 04:00:08	810.4535
2014-01-31 05:00:08	813.523
2014-01-31 06:00:07	812.1645
2014-01-31 07:00:08	807.151833333
2014-01-31 08:00:08	813.920166667
2014-01-31 09:00:07	812.817333333
2014-01-31 10:00:07	812.238166667
2014-01-31 11:00:07	812.279
2014-01-31 12:00:07	809.699666667
2014-01-31 13:00:08	809.273
2014-01-31 14:00:08	812.3295
2014-01-31 15:00:07	812.311
2014-01-31 16:00:08	812.8265
2014-01-31 17:00:07	813.255333333
2014-01-31 18:00:07	813.383166667
2014-01-31 19:00:08	812.876
2014-01-31 20:00:07	813.357666667
2014-01-31 21:00:07	813.931166667
2014-01-31 22:00:07	814.342333333
2014-01-31 23:00:07	814.328333333
2014-02-01 00:00:08	814.835666667
2014-02-01 01:00:07	816.822666667
2014-02-01 02:00:08	818.558666667
2014-02-01 03:00:07	818.600666667
2014-02-01 04:00:07	819.2075
2014-02-01 05:00:08	821.2785
2014-02-01 06:00:08	825.098666667
2014-02-01 07:00:08	833.588666667
2014-02-01 08:00:08	831.6625
2014-02-01 09:00:07	829.008666667
2014-02-01 10:00:07	828.331833333
2014-02-01 11:00:08	824.0685
2014-02-01 12:00:08	826.520833333
2014-02-01 13:00:07	827.740333333
2014-02-01 14:00:06	830.688333333
2014-02-01 15:00:07	828.465333333
2014-02-01 16:00:06	823.598333333
2014-02-01 17:00:07	824.659666667
2014-02-01 18:00:06	824.936333333
2014-02-01 19:00:07	825.968666667
2014-02-01 20:00:07	825.951833333
2014-02-01 21:00:08	826.302
2014-02-01 22:00:06	827.138
2014-02-01 23:00:08	828.361833333
2014-02-02 00:00:06	831.834833333
2014-02-02 01:00:07	833.024833333
2014-02-02 02:00:06	834.258666667
2014-02-02 03:00:06	834.53
2014-02-02 04:00:07	834.53
2014-02-02 05:00:07	834.408
2014-02-02 06:00:06	830.55
2014-02-02 07:00:06	828.228666667
2014-02-02 08:00:07	828.473333333
2014-02-02 09:00:07	828.501833333
2014-02-02 10:00:07	828.571666667
2014-02-02 11:00:07	828.791166667
2014-02-02 12:00:06	827.683166667
2014-02-02 13:00:07	826.805166667
2014-02-02 14:00:07	824.156
2014-02-02 15:00:06	823.4745
2014-02-02 16:00:06	823.975333333
2014-02-02 17:00:07	824.0075
2014-02-02 18:00:06	824.097
2014-02-02 19:00:07	823.756333333
2014-02-02 20:00:07	822.639333333
2014-02-02 21:00:06	819.6645
2014-02-02 22:00:06	819.059666667
2014-02-02 23:00:06	819.636166667
2014-02-03 00:00:06	813.066333333
2014-02-03 01:00:06	815.146666667
2014-02-03 02:00:06	817.635166667
2014-02-03 03:00:06	820.361
2014-02-03 04:00:06	818.922333333
2014-02-03 05:00:06	818.045166667
2014-02-03 06:00:06	817.6745
2014-02-03 07:02:14	816.390967742
2014-02-03 08:00:06	818.048148148
2014-02-03 09:00:06	820.024
2014-02-03 10:00:06	819.878333333
2014-02-03 11:00:06	822.069166667
2014-02-03 12:00:06	818.577166667
2014-02-03 13:00:08	817.8075
2014-02-03 14:00:06	817.585166667
2014-02-03 15:00:06	816.1772
2014-02-03 16:00:06	816.594833333
2014-02-03 17:00:05	816.221333333
2014-02-03 18:00:06	814.599166667
2014-02-03 19:00:07	813.878166667
2014-02-03 20:00:06	815.1945
2014-02-03 21:00:06	816.125833333
2014-02-03 22:00:06	817.611166667
2014-02-03 23:00:08	817.239
2014-02-04 00:00:06	816.3315
2014-02-04 01:00:06	819.280666667
2014-02-04 02:00:06	813.6195
2014-02-04 03:00:05	809.0575
2014-02-04 04:00:06	810.601166667
2014-02-04 05:00:05	812.0445
2014-02-04 06:00:05	811.166666667
2014-02-04 07:00:06	812.864833333
2014-02-04 08:00:05	814.554
2014-02-04 09:00:06	815.169666667
2014-02-04 10:00:05	816.5345
2014-02-04 11:00:04	818.405333333
2014-02-04 12:00:05	817.1175
2014-02-04 13:00:06	817.206166667
2014-02-04 14:00:05	814.426166667
2014-02-04 15:00:06	811.774833333
2014-02-04 16:00:05	809.945438596
2014-02-04 17:00:05	812.279833333
2014-02-04 18:00:05	811.488
2014-02-04 19:00:05	812.169333333
2014-02-04 20:00:05	815.478333333
2014-02-04 21:00:04	814.716666667
2014-02-04 22:00:05	812.966333333
2014-02-04 23:00:06	813.922666667
2014-02-05 00:00:05	813.519
2014-02-05 01:00:05	813.530166667
2014-02-05 02:00:05	813.5685
2014-02-05 03:00:06	812.937833333
2014-02-05 04:00:05	812.1795
2014-02-05 05:00:05	813.803666667
2014-02-05 06:00:05	814.716833333
2014-02-05 07:00:05	812.1995
2014-02-05 08:00:05	814.343333333
2014-02-05 09:00:06	814.092166667
2014-02-05 10:00:05	812.9315
2014-02-05 11:00:05	812.583833333
2014-02-05 12:00:05	809.221
2014-02-05 13:00:07	804.958
2014-02-05 14:00:05	808.1265
2014-02-05 15:00:05	808.635666667
2014-02-05 16:00:05	797.257666667
2014-02-05 17:00:05	794.875333333
2014-02-05 18:00:07	798.055
2014-02-05 19:00:06	800.117333333
2014-02-05 20:00:05	800.287666667
2014-02-05 21:00:05	798.951666667
2014-02-05 22:00:04	790.447966102
2014-02-05 23:00:04	793.212166667
2014-02-06 00:00:05	789.636166667
2014-02-06 01:00:09	776.552666667
2014-02-06 02:00:04	787.646
2014-02-06 03:00:04	794.299
2014-02-06 04:00:05	788.616666667
2014-02-06 05:00:04	786.5855
2014-02-06 06:00:04	794.286166667
2014-02-06 07:00:05	792.526166667
2014-02-06 08:00:04	791.790166667
2014-02-06 09:00:04	794.228166667
2014-02-06 10:00:04	793.742
2014-02-06 11:00:05	787.617333333
2014-02-06 12:00:04	788.278275862
2014-02-06 13:00:04	784.947833333
2014-02-06 14:00:04	776.906666667
2014-02-06 15:00:04	775.233220339
2014-02-06 16:00:05	772.502666667
2014-02-06 17:00:05	770.997666667
2014-02-06 18:00:03	767.130333333
2014-02-06 19:00:04	757.593666667
2014-02-06 20:00:04	748.7795
2014-02-06 21:00:04	748.633
2014-02-06 22:00:04	734.28
2014-02-06 23:00:04	729.938
2014-02-07 00:00:04	703.639666667
2014-02-07 01:00:03	673.125166667
2014-02-07 02:00:04	700.247166667
2014-02-07 03:00:04	688.618166667
2014-02-07 04:00:04	709.363666667
2014-02-07 05:00:03	711.36440678
2014-02-07 06:00:04	720.348333333
2014-02-07 07:00:04	736.303
2014-02-07 08:00:04	731.253333333
2014-02-07 09:00:03	738.0125
2014-02-07 10:00:03	756.752
2014-02-07 11:00:03	762.559666667
2014-02-07 12:00:04	750.420333333
2014-02-07 13:00:04	744.562833333
2014-02-07 14:00:04	740.431666667
2014-02-07 15:00:04	740.249833333
2014-02-07 16:00:03	732.194333333
2014-02-07 17:00:03	716.970666667
2014-02-07 18:00:04	725.9405
2014-02-07 19:00:04	717.851
2014-02-07 20:00:03	713.052
2014-02-07 21:00:04	718.071
2014-02-07 22:00:03	731.046666667
2014-02-07 23:00:04	738.615166667
2014-02-08 00:00:03	735.585833333
2014-02-08 01:00:04	737.278
2014-02-08 02:00:03	740.869833333
2014-02-08 03:00:03	733.427
2014-02-08 04:00:03	735.4135
2014-02-08 05:00:03	734.2745
2014-02-08 06:00:03	727.113333333
2014-02-08 07:00:03	725.232833333
2014-02-08 08:00:04	726.509333333
2014-02-08 09:00:04	735.0565
2014-02-08 10:00:03	734.2235
2014-02-08 11:00:02	731.450833333
2014-02-08 12:00:03	730.2615
2014-02-08 13:00:03	728.901
2014-02-08 14:00:03	724.831833333
2014-02-08 15:00:03	708.383166667
2014-02-08 16:00:02	702.197166667
2014-02-08 17:00:03	703.067
2014-02-08 18:00:03	704.941166667
2014-02-08 19:00:02	699.587719298
2014-02-08 20:00:03	710.701666667
2014-02-08 21:00:03	719.704333333
2014-02-08 22:00:03	722.6595
2014-02-08 23:00:03	719.186833333
2014-02-09 00:00:03	724.682
2014-02-09 01:00:03	726.457166667
2014-02-09 02:00:02	730.491333333
2014-02-09 03:00:02	729.144666667
2014-02-09 04:00:03	740.114915254
2014-02-09 05:00:02	755.541833333
2014-02-09 06:00:03	764.6655
2014-02-09 07:00:02	764.554833333
2014-02-09 08:00:02	743.392166667
2014-02-09 09:00:03	747.566
2014-02-09 10:00:04	739.170833333
2014-02-09 11:00:02	749.365166667
2014-02-09 12:00:03	738.649833333
2014-02-09 13:00:02	732.411016949
2014-02-09 14:00:02	726.691166667
2014-02-09 15:00:03	728.9715
2014-02-09 16:00:02	725.9745
2014-02-09 17:00:03	727.082166667
2014-02-09 18:00:03	731.025666667
2014-02-09 19:00:02	739.133
2014-02-09 20:00:02	737.641666667
2014-02-09 21:00:03	731.376333333
2014-02-09 22:00:02	729.193666667
2014-02-09 23:00:02	734.148166667
2014-02-10 00:00:03	733.5185
2014-02-10 01:00:02	726.314666667
2014-02-10 02:00:02	734.143666667
2014-02-10 03:00:02	690.8365
2014-02-10 04:00:02	631.935333333
2014-02-10 05:00:01	637.893833333
2014-02-10 06:00:02	648.966
2014-02-10 07:00:02	665.263833333
2014-02-10 08:00:02	689.144666667
2014-02-10 09:00:02	689.322542373
2014-02-10 10:00:02	682.406166667
2014-02-10 11:00:02	676.135833333
2014-02-10 12:00:02	679.5675
2014-02-10 13:00:02	683.286666667
2014-02-10 14:00:02	684.517166667
2014-02-10 15:00:03	687.965166667
2014-02-10 16:00:02	697.893
2014-02-10 17:00:02	705.517166667
2014-02-10 18:00:02	711.093666667
2014-02-10 19:00:02	720.69779661
2014-02-10 20:00:02	719.320666667
2014-02-10 21:00:01	727.5295
2014-02-10 22:00:01	725.107666667
2014-02-10 23:00:02	717.727333333
2014-02-11 00:00:01	718.7945
2014-02-11 01:00:01	724.686
2014-02-11 02:00:02	717.5575
2014-02-11 03:00:02	710.828666667
2014-02-11 04:00:02	715.855166667
2014-02-11 05:00:01	716.903833333
2014-02-11 06:00:02	713.393833333
2014-02-11 07:00:01	712.202166667
2014-02-11 08:00:01	705.0405
2014-02-11 09:00:01	701.844666667
2014-02-11 10:00:01	697.515333333
2014-02-11 11:00:01	679.236333333
2014-02-11 12:00:02	670.733166667
2014-02-11 13:00:01	669.095333333
2014-02-11 14:00:01	658.339166667
2014-02-11 15:00:01	665.689
2014-02-11 16:00:01	684.564666667
2014-02-11 17:00:01	692.210666667
2014-02-11 18:00:01	684.375333333
2014-02-11 19:01:44	682.843793103
2014-02-11 20:00:01	689.976521739
2014-02-11 21:00:01	691.276949153
2014-02-11 22:00:00	688.177833333
2014-02-11 23:01:04	681.899122807
2014-02-12 00:00:01	670.126734694
2014-02-12 01:00:01	662.661333333
2014-02-12 02:00:01	658.765833333
2014-02-12 03:00:01	666.320666667
2014-02-12 04:00:00	671.517857143
2014-02-12 05:00:01	672.894666667
2014-02-12 06:00:01	676.159166667
2014-02-12 07:00:01	668.098666667
2014-02-12 08:00:01	671.222833333
2014-02-12 09:00:01	682.315833333
2014-02-12 10:00:01	683.1365
2014-02-12 11:00:01	681.7775
2014-02-12 12:00:00	677.062
2014-02-12 13:00:00	677.612833333
2014-02-12 14:00:01	678.434
2014-02-12 15:00:01	677.665666667
2014-02-12 16:00:00	669.345
2014-02-12 17:00:01	668.482241379
2014-02-12 18:00:00	668.2165
2014-02-12 19:00:00	669.2095
2014-02-12 20:00:00	665.625833333
2014-02-12 21:00:01	661.6155
2014-02-12 22:00:01	668.669166667
2014-02-12 23:00:00	666.475166667
2014-02-13 00:01:00	665.131967213
2014-02-13 01:00:01	658.500677966
2014-02-13 02:00:00	661.006833333
2014-02-13 03:01:00	660.082033898
2014-02-13 04:00:01	661.843559322
2014-02-13 05:00:00	666.636
2014-02-13 06:00:00	662.437833333
2014-02-13 07:00:01	658.138666667
2014-02-13 08:00:00	660.966833333
2014-02-13 09:00:00	660.392666667
2014-02-13 10:00:00	655.556166667
2014-02-13 11:00:00	648.585166667
2014-02-13 12:00:01	634.838166667
2014-02-13 13:00:00	633.304333333
2014-02-13 14:00:00	621.423833333
2014-02-13 15:00:00	629.291833333
2014-02-13 16:00:00	630.081166667
2014-02-13 17:00:00	617.852833333
2014-02-13 18:00:00	607.341666667
2014-02-13 19:00:00	596.2375
2014-02-13 20:00:00	588.3455
2014-02-13 21:00:00	617.9455
2014-02-13 22:00:00	626.594833333
2014-02-13 23:00:00	607.617833333
2014-02-14 00:00:00	587.738833333
2014-02-14 01:01:00	596.570930233
2014-02-14 02:00:00	606.322033898
2014-02-14 03:01:00	649.333442623
2014-02-14 04:00:00	644.506949153
2014-02-14 05:00:00	648.2075
2014-02-14 06:00:00	648.9195
2014-02-14 07:00:00	645.9895
2014-02-14 08:00:00	666.306666667
2014-02-14 09:00:00	703.514333333
2014-02-14 10:00:00	696.6245
2014-02-14 11:00:00	689.979333333
2014-02-14 12:00:00	689.622333333
2014-02-14 13:00:00	674.1255
2014-02-14 14:00:00	677.218166667
2014-02-14 15:00:00	684.691666667
2014-02-14 16:00:00	682.657166667
2014-02-14 17:00:59	678.088032787
2014-02-14 18:00:00	672.362542373
2014-02-14 19:00:00	668.0335
2014-02-14 20:00:00	664.794666667
2014-02-14 21:01:00	656.256721311
2014-02-14 22:00:00	649.479491525
2014-02-14 23:00:59	660.357868852
2014-02-15 00:00:00	662.792542373
2014-02-15 01:00:59	662.801639344
2014-02-15 02:00:58	674.641833333
2014-02-15 03:00:59	670.770333333
2014-02-15 04:00:00	658.195423729
2014-02-15 05:00:59	663.707868852
2014-02-15 06:00:59	664.579666667
2014-02-15 07:01:00	665.58
2014-02-15 08:00:59	666.888333333
2014-02-15 09:00:00	669.508983051
2014-02-15 10:00:59	665.833103448
2014-02-15 11:00:59	663.663833333
2014-02-15 12:00:59	659.802321429
2014-02-15 13:00:59	662.596666667
2014-02-15 14:00:59	661.325689655
2014-02-15 15:00:58	667.948
2014-02-15 16:00:59	664.692666667
2014-02-15 17:00:58	661.85
2014-02-15 18:00:59	664.6095
2014-02-15 19:00:58	674.8455
2014-02-15 20:00:59	674.455666667
2014-02-15 21:00:59	673.442711864
2014-02-15 22:00:59	671.656166667
2014-02-15 23:00:58	661.7915
2014-02-16 00:00:58	659.710166667
2014-02-16 01:00:59	661.513166667
2014-02-16 02:00:59	661.022666667
2014-02-16 03:00:58	661.705833333
2014-02-16 04:00:59	660.862166667
2014-02-16 05:00:59	647.934333333
2014-02-16 06:00:59	637.6305
2014-02-16 07:00:57	641.018
2014-02-16 08:00:58	637.814333333
2014-02-16 09:00:58	636.694333333
2014-02-16 10:00:59	634.578166667
2014-02-16 11:00:58	626.94
2014-02-16 12:00:58	617.456666667
2014-02-16 13:00:59	620.1725
2014-02-16 14:00:10	614.86
2014-02-16 15:00:59	611.786507937
2014-02-16 16:00:58	630.2375
2014-02-16 17:00:58	629.785833333
2014-02-16 18:00:58	637.044666667
2014-02-16 19:00:58	632.221509434
2014-02-16 20:00:58	628.869
2014-02-16 21:00:59	620.376
2014-02-16 22:00:58	622.974333333
2014-02-16 23:00:58	624.8645
2014-02-17 00:00:58	632.763833333
2014-02-17 01:00:58	642.463333333
2014-02-17 02:00:58	637.822333333
2014-02-17 03:00:58	640.831833333
2014-02-17 04:00:58	657.767166667
2014-02-17 05:00:58	664.6495
2014-02-17 06:00:57	661.387166667
2014-02-17 07:01:00	656.538166667
2014-02-17 08:00:01	652.414576271
2014-02-17 09:00:59	656.933934426
2014-02-17 10:00:59	651.968793103
2014-02-17 11:00:57	649.003666667
2014-02-17 12:00:58	646.161
2014-02-17 13:00:57	646.3165
2014-02-17 14:00:58	642.505833333
2014-02-17 15:00:58	640.574666667
2014-02-17 16:00:58	640.6775
2014-02-17 17:00:57	643.836166667
2014-02-17 18:00:57	649.090666667
2014-02-17 19:00:58	650.6475
2014-02-17 20:00:58	655.043
2014-02-17 21:00:58	656.9185
2014-02-17 22:00:58	653.454666667
2014-02-17 23:00:57	647.971333333
2014-02-18 00:00:57	646.726833333
2014-02-18 01:00:58	644.038
2014-02-18 02:00:57	646.982833333
2014-02-18 03:00:57	644.385333333
2014-02-18 04:00:57	643.427666667
2014-02-18 05:00:57	634.9625
2014-02-18 06:00:57	636.948833333
2014-02-18 07:00:57	635.991
2014-02-18 08:00:02	629.862931034
2014-02-18 09:00:57	630.137377049
2014-02-18 10:00:57	635.489833333
2014-02-18 11:00:57	636.453
2014-02-18 12:00:04	630.943220339
2014-02-18 13:00:04	631.919666667
2014-02-18 14:00:04	633.198666667
2014-02-18 15:00:05	634.4665
2014-02-18 16:00:04	634.777166667
2014-02-18 17:00:04	636.994833333
2014-02-18 18:00:04	634.987
2014-02-18 19:00:04	635.702666667
2014-02-18 20:00:04	637.357166667
2014-02-18 21:00:04	636.456101695
2014-02-18 22:00:03	633.858
2014-02-18 23:00:04	635.6795
2014-02-19 00:00:03	634.292833333
2014-02-19 01:00:04	634.295
2014-02-19 02:00:04	632.924833333
2014-02-19 03:00:03	629.919833333
2014-02-19 04:00:03	631.5215
2014-02-19 05:00:02	631.622666667
2014-02-19 06:00:04	631.8355
2014-02-19 07:00:04	634.081
2014-02-19 08:00:04	633.521666667
2014-02-19 09:00:04	634.9385
2014-02-19 10:00:03	634.685833333
2014-02-19 11:00:04	635.718166667
2014-02-19 12:00:03	642.1185
2014-02-19 13:00:04	642.3145
2014-02-19 14:00:03	640.9535
2014-02-19 15:00:03	632.176833333
2014-02-19 16:00:03	632.545833333
2014-02-19 17:00:04	633.517333333
2014-02-19 18:00:03	636.045166667
2014-02-19 19:00:03	636.286166667
2014-02-19 20:00:03	635.452166667
2014-02-19 21:00:03	634.786666667
2014-02-19 22:00:03	633.465166667
2014-02-19 23:00:03	630.455666667
2014-02-20 00:00:03	613.192166667
2014-02-20 01:00:04	617.169833333
2014-02-20 02:00:03	617.487166667
2014-02-20 03:00:03	608.6135
2014-02-20 04:00:03	602.011666667
2014-02-20 05:00:03	607.320833333
2014-02-20 06:00:03	606.093833333
2014-02-20 07:00:03	607.743833333
2014-02-20 08:00:04	608.720666667
2014-02-20 09:00:04	597.692
2014-02-20 10:00:03	588.777666667
2014-02-20 11:00:03	585.470833333
2014-02-20 12:00:03	591.484666667
2014-02-20 13:00:03	587.1875
2014-02-20 14:00:03	580.647833333
2014-02-20 15:00:03	577.941166667
2014-02-20 16:00:03	574.522881356
2014-02-20 17:00:04	563.062
2014-02-20 18:00:03	551.601333333
2014-02-20 19:00:03	564.58
2014-02-20 20:00:04	560.895833333
2014-02-20 21:00:03	559.972372881
2014-02-20 22:00:04	569.736949153
2014-02-20 23:00:03	573.943666667
2014-02-21 00:00:02	582.449
2014-02-21 01:00:03	587.447368421
2014-02-21 02:00:03	591.563333333
2014-02-21 03:00:03	583.349
2014-02-21 04:00:03	587.086833333
2014-02-21 05:00:03	592.963833333
2014-02-21 06:00:03	594.153833333
2014-02-21 07:00:03	583.114833333
2014-02-21 08:00:03	578.148833333
2014-02-21 09:00:02	572.562372881
2014-02-21 10:00:03	575.485
2014-02-21 11:00:04	572.160833333
2014-02-21 12:00:03	573.006779661
2014-02-21 13:00:04	579.510508475
2014-02-21 14:00:02	578.637413793
2014-02-21 15:00:03	578.856206897
2014-02-21 16:00:03	587.010847458
2014-02-21 17:00:03	590.607666667
2014-02-21 18:00:02	584.059833333
2014-02-21 19:00:02	587.402833333
2014-02-21 20:00:03	582.848166667
2014-02-21 21:00:03	581.003833333
2014-02-21 22:00:04	581.773
2014-02-21 23:00:01	576.7265
2014-02-22 00:00:02	573.763833333
2014-02-22 01:00:02	580.003666667
2014-02-22 02:00:01	582.921
2014-02-22 03:00:01	580.451
2014-02-22 04:00:02	580.663
2014-02-22 05:00:02	585.873220339
2014-02-22 06:00:02	587.6845
2014-02-22 07:00:03	584.242333333
2014-02-22 08:00:02	586.000666667
2014-02-22 09:00:01	600.4255
2014-02-22 10:00:02	612.117666667
2014-02-22 11:00:01	610.069833333
2014-02-22 12:00:02	605.438833333
2014-02-22 13:00:02	613.875
2014-02-22 14:00:02	616.0175
2014-02-22 15:00:01	614.790166667
2014-02-22 16:00:01	614.845
2014-02-22 17:00:02	620.403833333
2014-02-22 18:00:02	618.075833333
2014-02-22 19:00:02	620.187333333
2014-02-22 20:00:02	626.362
2014-02-22 21:00:01	630.353166667
2014-02-22 22:00:02	627.8385
2014-02-22 23:00:01	629.348166667
2014-02-23 00:00:02	627.224833333
2014-02-23 01:00:01	634.718666667
2014-02-23 02:00:01	645.079666667
2014-02-23 03:00:00	646.182833333
2014-02-23 04:00:01	636.524
2014-02-23 05:00:00	631.0855
2014-02-23 06:00:02	633.501666667
2014-02-23 07:00:01	632.8725
2014-02-23 08:00:02	635.722
2014-02-23 09:00:01	638.7315
2014-02-23 10:00:03	638.311333333
2014-02-23 11:00:01	634.230833333
2014-02-23 12:00:02	633.310333333
2014-02-23 13:00:02	625.344166667
2014-02-23 14:00:01	616.944
2014-02-23 15:00:00	621.346
2014-02-23 16:00:02	618.043333333
2014-02-23 17:00:00	614.907333333
2014-02-23 18:00:01	605.952
2014-02-23 19:00:01	596.262
2014-02-23 20:00:01	583.224237288
2014-02-23 21:00:01	585.708666667
2014-02-23 22:00:02	582.481333333
2014-02-23 23:00:00	567.715833333
2014-02-24 00:00:01	569.401
2014-02-24 01:00:01	572.808
2014-02-24 02:00:00	578.42
2014-02-24 03:00:01	583.4105
2014-02-24 04:00:01	584.773166667
2014-02-24 05:00:01	584.8735
2014-02-24 06:00:01	580.3415
2014-02-24 07:00:01	578.642
2014-02-24 08:00:00	579.359333333
2014-02-24 09:00:01	573.892666667
2014-02-24 10:00:00	569.0545
2014-02-24 11:00:01	556.6455
2014-02-24 12:00:00	557.499666667
2014-02-24 13:00:00	552.3825
2014-02-24 14:00:00	545.684333333
2014-02-24 15:00:00	549.780666667
2014-02-24 16:00:00	551.910666667
2014-02-24 17:00:01	527.380333333
2014-02-24 18:00:01	531.856666667
2014-02-24 19:00:00	512.3305
2014-02-24 20:00:01	500.153833333
2014-02-24 21:00:00	494.219166667
2014-02-24 22:00:00	468.000166667
2014-02-24 23:00:59	445.824821429
2014-02-25 00:00:00	474.692372881
2014-02-25 01:00:00	487.630666667
2014-02-25 02:00:01	495.734166667
2014-02-25 03:01:00	530.559285714
2014-02-25 04:00:01	530.277457627
2014-02-25 05:00:00	517.9625
2014-02-25 06:00:00	522.910833333
2014-02-25 07:00:00	521.715833333
2014-02-25 08:00:00	544.530166667
2014-02-25 09:00:59	556.152622951
2014-02-25 10:00:00	542.233050847
2014-02-25 11:00:00	540.597
2014-02-25 12:00:00	544.413666667
2014-02-25 13:00:00	545.534
2014-02-25 14:00:01	543.103833333
2014-02-25 15:00:00	557.367333333
2014-02-25 16:00:00	560.873333333
2014-02-25 17:00:00	563.094833333
2014-02-25 18:00:00	587.877166667
2014-02-25 19:00:00	588.219166667
2014-02-25 20:00:00	579.235333333
2014-02-25 21:00:00	582.997
2014-02-25 22:00:00	588.701
2014-02-25 23:00:00	605.12
2014-02-26 00:01:00	613.038032787
2014-02-26 01:00:00	622.553389831
2014-02-26 02:00:00	608.277
2014-02-26 03:00:00	600.303333333
2014-02-26 04:01:00	603.26295082
2014-02-26 05:00:00	593.122033898
2014-02-26 06:00:59	584.161639344
2014-02-26 07:01:00	586.676166667
2014-02-26 08:00:00	586.162033898
2014-02-26 09:00:59	596.503114754
2014-02-26 10:00:59	598.481833333
2014-02-26 11:00:00	598.622542373
2014-02-26 12:00:59	603.096885246
2014-02-26 13:01:00	589.801
2014-02-26 14:01:00	581.001833333
2014-02-26 15:00:00	589.440677966
2014-02-26 16:00:00	601.404333333
2014-02-26 17:00:59	603.42557377
2014-02-26 18:00:59	607.582
2014-02-26 19:00:00	598.000847458
2014-02-26 20:00:59	592.673114754
2014-02-26 21:00:59	597.1455
2014-02-26 22:01:00	595.446333333
2014-02-26 23:00:59	591.4465
2014-02-27 00:00:59	586.489833333
2014-02-27 01:00:59	587.967833333
2014-02-27 02:00:58	590.46
2014-02-27 03:00:58	587.137833333
2014-02-27 04:00:59	590.250666667
2014-02-27 05:00:59	594.916666667
2014-02-27 06:00:59	598.1085
2014-02-27 07:00:00	601.374237288
2014-02-27 08:00:59	598.843114754
2014-02-27 09:00:58	596.364166667
2014-02-27 10:00:59	596.114
2014-02-27 11:00:59	597.0865
2014-02-27 12:00:59	597.523333333
2014-02-27 13:00:58	596.462166667
2014-02-27 14:00:59	596.522666667
2014-02-27 15:00:58	597.657166667
2014-02-27 16:00:59	598.168833333
2014-02-27 17:00:58	596.166
2014-02-27 18:00:59	597.083666667
2014-02-27 19:00:59	599.536
2014-02-27 20:00:00	595.504237288
2014-02-27 21:01:00	586.411147541
2014-02-27 22:01:02	589.2035
2014-02-27 23:01:00	589.406
2014-02-28 00:00:58	585.814
2014-02-28 01:00:59	586.342
2014-02-28 02:00:58	585.524833333
2014-02-28 03:00:58	579.538541667
2014-02-28 04:00:58	577.585833333
2014-02-28 05:00:59	571.307931034
2014-02-28 06:00:58	569.604666667
2014-02-28 07:00:59	573.114666667
2014-02-28 08:00:59	581.307333333
2014-02-28 09:00:58	580.080666667
2014-02-28 10:00:58	586.0115
2014-02-28 11:00:58	588.147833333
2014-02-28 12:00:57	587.434166667
2014-02-28 13:00:57	580.457833333
2014-02-28 14:00:57	569.517166667
2014-02-28 15:00:58	570.1375
2014-02-28 16:00:58	564.194
2014-02-28 17:00:58	556.122
2014-02-28 18:00:58	559.3715
2014-02-28 19:00:58	564.043833333
2014-02-28 20:00:59	570.146166667
2014-02-28 21:00:58	572.716833333
2014-02-28 22:00:58	573.8235
2014-02-28 23:00:01	575.397966102
2014-03-01 00:00:58	576.52
2014-03-01 01:00:58	577.758
2014-03-01 02:00:58	577.470166667
2014-03-01 03:00:58	576.571
2014-03-01 04:00:58	572.749333333
2014-03-01 05:00:58	574.239666667
2014-03-01 06:00:57	574.2625
2014-03-01 07:00:58	577.469166667
2014-03-01 08:00:58	577.242166667
2014-03-01 09:00:57	579.210677966
2014-03-01 10:01:02	583.299166667
2014-03-01 11:00:57	584.089166667
2014-03-01 12:00:58	584.5465
2014-03-01 13:00:58	584.64
2014-03-01 14:01:12	585.964576271
2014-03-01 15:00:57	584.483166667
2014-03-01 16:00:57	579.178666667
2014-03-01 17:00:57	578.670338983
2014-03-01 18:00:58	579.664833333
2014-03-01 19:00:57	580.650666667
2014-03-01 20:00:57	579.230833333
2014-03-01 21:00:58	574.533166667
2014-03-01 22:00:57	573.040166667
2014-03-01 23:00:57	573.750833333
2014-03-02 00:00:57	575.405
2014-03-02 01:00:57	578.6335
2014-03-02 02:00:57	578.585666667
2014-03-02 03:00:57	578.953166667
2014-03-02 04:00:57	580.139666667
2014-03-02 05:00:57	577.0905
2014-03-02 06:00:58	575.0585
2014-03-02 07:00:57	571.801
2014-03-02 08:00:58	571.196166667
2014-03-02 09:00:57	572.960166667
2014-03-02 10:00:57	571.034166667
2014-03-02 11:00:57	569.768
2014-03-02 12:00:57	571.090508475
2014-03-02 13:00:57	570.553666667
2014-03-02 14:00:57	571.4275
2014-03-02 15:00:57	567.728135593
2014-03-02 16:00:56	566.4985
2014-03-02 17:00:57	579.4745
2014-03-02 18:00:57	580.302241379
2014-03-02 19:00:56	578.653833333
2014-03-02 20:00:57	577.7295
2014-03-02 21:00:57	583.530847458
2014-03-02 22:00:57	586.197333333
2014-03-02 23:00:57	579.957166667
2014-03-03 00:00:57	580.15220339
2014-03-03 01:00:22	597.160847458
2014-03-03 02:00:57	603.948852459
2014-03-03 03:00:56	605.676666667
2014-03-03 04:00:57	600.888333333
2014-03-03 05:01:00	603.3685
2014-03-03 06:00:57	602.516
2014-03-03 07:00:56	601.2615
2014-03-03 08:00:56	621.800338983
2014-03-03 09:00:57	631.516333333
2014-03-03 10:00:04	652.195084746
2014-03-03 11:00:57	695.754333333
2014-03-03 12:00:56	682.1155
2014-03-03 13:00:56	674.097
2014-03-03 14:00:56	674.6895
2014-03-03 15:02:04	677.489333333
2014-03-03 16:01:00	684.22122807
2014-03-03 17:00:57	686.43440678
2014-03-03 18:00:56	699.133833333
2014-03-03 19:00:56	699.183
2014-03-03 20:00:56	698.7875
2014-03-03 21:00:56	688.235166667
2014-03-03 22:00:56	681.555964912
2014-03-03 23:00:55	680.551166667
2014-03-04 00:00:56	680.144576271
2014-03-04 01:00:56	687.835
2014-03-04 02:00:56	696.113666667
2014-03-04 03:00:56	692.806333333
2014-03-04 04:00:56	696.643166667
2014-03-04 05:00:55	700.048166667
2014-03-04 06:00:56	702.7105
2014-03-04 07:00:56	705.340166667
2014-03-04 08:00:56	702.242333333
2014-03-04 09:00:56	695.842542373
2014-03-04 10:00:56	685.4465
2014-03-04 11:00:56	688.227118644
2014-03-04 12:00:56	678.834642857
2014-03-04 13:00:56	678.134745763
2014-03-04 14:00:01	678.293103448
2014-03-04 15:00:56	680.2825
2014-03-04 16:00:56	684.917333333
2014-03-04 17:00:55	687.365084746
2014-03-04 18:00:56	684.483666667
2014-03-04 19:01:03	674.081166667
2014-03-04 20:00:56	672.507833333
2014-03-04 21:00:55	676.094
2014-03-04 22:00:56	677.437166667
2014-03-04 23:00:56	677.312166667
2014-03-05 00:00:55	676.291166667
2014-03-05 01:00:55	669.174333333
2014-03-05 02:00:55	664.885333333
2014-03-05 03:00:55	671.479655172
2014-03-05 04:00:55	676.656
2014-03-05 05:00:55	673.435
2014-03-05 06:00:56	676.3225
2014-03-05 07:00:56	677.220508475
2014-03-05 08:00:55	680.547
2014-03-05 09:01:56	671.839
2014-03-05 10:00:07	674.749655172
2014-03-05 11:01:19	675.925081967
2014-03-05 12:00:56	675.825333333
2014-03-05 13:00:55	677.187333333
2014-03-05 14:00:55	677.752666667
2014-03-05 15:00:54	678.475084746
2014-03-05 16:00:55	680.8005
2014-03-05 17:00:55	682.143
2014-03-05 18:00:55	681.747
2014-03-05 19:00:55	682.536491228
2014-03-05 20:00:55	683.893559322
2014-03-05 21:00:56	683.916666667
2014-03-05 22:00:55	682.702
2014-03-05 23:01:13	678.736833333
2014-03-06 00:00:56	678.323833333
2014-03-06 01:00:55	678.4195
2014-03-06 02:00:55	677.2545
2014-03-06 03:00:54	678.015333333
2014-03-06 04:00:55	680.698
2014-03-06 05:00:54	679.9265
2014-03-06 06:00:55	680.185
2014-03-06 07:00:55	668.693
2014-03-06 08:00:55	664.797666667
2014-03-06 09:00:55	669.441333333
2014-03-06 10:00:55	672.657288136
2014-03-06 11:00:55	665.616666667
2014-03-06 12:00:54	665.2935
2014-03-06 13:00:54	665.216
2014-03-06 14:00:55	667.534210526
2014-03-06 15:00:56	669.316666667
2014-03-06 16:00:54	673.854666667
2014-03-06 17:00:54	675.798166667
2014-03-06 18:00:55	674.384
2014-03-06 19:00:55	674.2575
2014-03-06 20:00:54	671.542666667
2014-03-06 21:00:55	667.3725
2014-03-06 22:00:54	669.527666667
2014-03-06 23:00:54	670.659833333
2014-03-07 00:00:55	667.534
2014-03-07 01:00:54	666.026
2014-03-07 02:00:54	655.536166667
2014-03-07 03:00:55	652.961166667
2014-03-07 04:00:53	645.695254237
2014-03-07 05:00:55	650.074
2014-03-07 06:00:54	651.0885
2014-03-07 07:00:54	648.707833333
2014-03-07 08:00:54	640.527166667
2014-03-07 09:00:54	638.156166667
2014-03-07 10:00:54	633.689
2014-03-07 11:00:54	627.5305
2014-03-07 12:00:54	631.445333333
2014-03-07 13:00:54	638.908333333
2014-03-07 14:00:54	637.045333333
2014-03-07 15:00:54	636.372666667
2014-03-07 16:00:54	639.338833333
2014-03-07 17:00:54	639.910166667
2014-03-07 18:00:53	643.655666667
2014-03-07 19:00:54	641.543666667
2014-03-07 20:00:53	635.823
2014-03-07 21:00:54	629.701166667
2014-03-07 22:00:54	628.132833333
2014-03-07 23:00:54	629.2785
2014-03-08 00:00:54	632.409166667
2014-03-08 01:00:54	634.105666667
2014-03-08 02:00:54	634.386833333
2014-03-08 03:00:54	637.0025
2014-03-08 04:00:54	635.476271186
2014-03-08 05:00:54	628.411166667
2014-03-08 06:00:54	628.822333333
2014-03-08 07:00:54	629.867166667
2014-03-08 08:00:53	627.124
2014-03-08 09:00:53	616.911333333
2014-03-08 10:00:53	616.295
2014-03-08 11:00:54	619.749666667
2014-03-08 12:00:53	622.088666667
2014-03-08 13:00:54	623.242166667
2014-03-08 14:00:53	625.930166667
2014-03-08 15:00:54	629.619666667
2014-03-08 16:00:53	631.6485
2014-03-08 17:00:53	626.772166667
2014-03-08 18:00:54	625.949166667
2014-03-08 19:00:54	625.283833333
2014-03-08 20:00:52	626.584333333
2014-03-08 21:00:54	625.103166667
2014-03-08 22:00:54	625.289666667
2014-03-08 23:00:53	626.301333333
2014-03-09 00:00:53	627.410333333
2014-03-09 01:00:53	628.660166667
2014-03-09 03:00:53	631.8465
2014-03-09 04:00:54	631.238
2014-03-09 05:00:53	631.546166667
2014-03-09 06:00:53	632.9445
2014-03-09 07:00:53	652.796833333
2014-03-09 08:00:53	653.354333333
2014-03-09 09:00:56	648.691833333
2014-03-09 10:00:53	648.875333333
2014-03-09 11:00:53	646.001333333
2014-03-09 12:00:53	646.671666667
2014-03-09 13:00:53	646.9655
2014-03-09 14:00:53	652.277
2014-03-09 15:00:53	651.582666667
2014-03-09 16:00:53	648.611333333
2014-03-09 17:00:54	649.841333333
2014-03-09 18:00:54	648.421
2014-03-09 19:00:52	651.628666667
2014-03-09 20:00:53	653.996666667
2014-03-09 21:00:53	652.423166667
2014-03-09 22:00:52	649.410333333
2014-03-09 23:00:53	650.814333333
2014-03-10 00:00:53	651.0845
2014-03-10 01:00:52	651.311166667
2014-03-10 02:00:53	649.531666667
2014-03-10 03:00:53	647.559
2014-03-10 04:00:53	633.218833333
2014-03-10 05:00:53	638.307166667
2014-03-10 06:00:53	635.033666667
2014-03-10 07:00:53	633.9805
2014-03-10 08:00:52	632.315666667
2014-03-10 09:27:23	631.232413793
2014-03-10 10:00:52	636.65
2014-03-10 11:00:52	632.916333333
2014-03-10 12:00:52	629.992333333
2014-03-10 13:00:52	629.7055
2014-03-10 14:00:52	624.719
2014-03-10 15:00:52	626.127166667
2014-03-10 16:00:52	628.885
2014-03-10 17:00:52	637.804666667
2014-03-10 18:00:52	638.837333333
2014-03-10 19:00:53	637.781166667
2014-03-10 20:00:52	637.019333333
2014-03-10 21:00:52	638.177166667
2014-03-10 22:00:52	635.715
2014-03-10 23:00:51	635.564
2014-03-11 00:00:52	635.413
2014-03-11 01:00:52	635.291166667
2014-03-11 02:00:55	637.476666667
2014-03-11 03:00:52	638.555333333
2014-03-11 04:00:51	636.621
2014-03-11 05:00:51	637.164333333
2014-03-11 06:00:52	636.622
2014-03-11 07:00:52	632.742333333
2014-03-11 08:00:52	627.2245
2014-03-11 09:00:52	629.073
2014-03-11 10:00:52	628.736666667
2014-03-11 11:00:52	629.950166667
2014-03-11 12:00:52	630.735
2014-03-11 13:00:52	632.9375
2014-03-11 14:00:52	634.759666667
2014-03-11 15:00:52	642.2465
2014-03-11 16:00:52	644.491166667
2014-03-11 17:00:51	643.779
2014-03-11 18:00:52	642.0195
2014-03-11 19:00:51	653.1735
2014-03-11 20:00:52	656.521166667
2014-03-11 21:00:51	650.837666667
2014-03-11 22:00:51	650.4085
2014-03-11 23:00:51	653.656833333
2014-03-12 00:00:52	647.674237288
2014-03-12 01:00:51	647.455666667
2014-03-12 02:00:52	647.733666667
2014-03-12 03:00:51	645.485166667
2014-03-12 04:00:51	644.808666667
2014-03-12 05:00:52	644.685
2014-03-12 06:00:52	644.738833333
2014-03-12 07:00:52	643.243833333
2014-03-12 08:00:51	645.110666667
2014-03-12 09:00:51	650.287
2014-03-12 10:00:00	651.416101695
2014-03-12 11:00:51	651.048852459
2014-03-12 12:00:51	649.893333333
2014-03-12 13:00:51	652.044333333
2014-03-12 14:00:51	648.854666667
2014-03-12 15:00:51	644.286666667
2014-03-12 16:00:51	642.445833333
2014-03-12 17:00:51	642.055166667
2014-03-12 18:00:51	643.334833333
2014-03-12 19:00:51	646.141666667
2014-03-12 20:00:52	647.811333333
2014-03-12 21:00:51	646.797
2014-03-12 22:00:51	646.298166667
2014-03-12 23:00:51	647.251
2014-03-13 00:00:51	648.596
2014-03-13 01:00:51	649.322166667
2014-03-13 02:00:51	650.354666667
2014-03-13 03:00:51	654.706
2014-03-13 04:00:51	653.7815
2014-03-13 05:00:50	654.957666667
2014-03-13 06:00:51	656.687666667
2014-03-13 07:00:51	655.766166667
2014-03-13 08:00:51	651.276333333
2014-03-13 09:00:51	648.844666667
2014-03-13 10:00:51	650.560166667
2014-03-13 11:00:51	651.875666667
2014-03-13 12:00:51	653.112666667
2014-03-13 13:00:51	653.133833333
2014-03-13 14:00:50	653.198666667
2014-03-13 15:00:51	653.549166667
2014-03-13 16:00:51	653.031833333
2014-03-13 17:00:50	650.847833333
2014-03-13 18:00:51	650.812333333
2014-03-13 19:00:51	649.908
2014-03-13 20:00:50	651.643
2014-03-13 21:00:50	649.908666667
2014-03-13 22:00:50	648.447166667
2014-03-13 23:00:50	646.518333333
2014-03-14 00:00:50	643.5875
2014-03-14 01:00:49	645.2165
2014-03-14 02:00:49	646.7795
2014-03-14 03:00:50	644.279166667
2014-03-14 04:00:49	645.225333333
2014-03-14 05:00:50	644.148666667
2014-03-14 06:00:50	642.8585
2014-03-14 07:00:50	640.855666667
2014-03-14 08:00:50	642.909
2014-03-14 09:00:50	645.121333333
2014-03-14 10:00:49	642.8015
2014-03-14 11:00:50	644.004666667
2014-03-14 12:00:50	642.83
2014-03-14 13:00:51	639.435
2014-03-14 14:00:50	639.684666667
2014-03-14 15:00:50	638.811166667
2014-03-14 16:00:49	637.611833333
2014-03-14 17:00:49	639.000166667
2014-03-14 18:00:50	640.649166667
2014-03-14 19:00:49	638.798
2014-03-14 20:00:49	639.959333333
2014-03-14 21:00:50	640.897333333
2014-03-14 22:00:49	642.0835
2014-03-14 23:00:50	641.793333333
2014-03-15 00:00:50	641.498
2014-03-15 01:00:49	641.515833333
2014-03-15 02:00:49	642.3035
2014-03-15 03:00:49	640.0905
2014-03-15 04:00:49	641.543166667
2014-03-15 05:00:49	641.168833333
2014-03-15 06:00:49	642.134833333
2014-03-15 07:00:49	642.309333333
2014-03-15 08:00:50	642.441666667
2014-03-15 09:00:49	644.111
2014-03-15 10:00:49	645.832
2014-03-15 11:00:49	645.0215
2014-03-15 12:00:49	647.106833333
2014-03-15 13:00:50	648.893166667
2014-03-15 14:00:49	648.7535
2014-03-15 15:00:49	647.872833333
2014-03-15 16:00:49	649.138333333
2014-03-15 17:00:49	647.624166667
2014-03-15 18:00:49	646.7945
2014-03-15 19:00:49	646.0775
2014-03-15 20:00:49	646.156666667
2014-03-15 21:00:49	645.6865
2014-03-15 22:00:49	645.741833333
2014-03-15 23:00:49	645.813833333
2014-03-16 00:00:49	646.100833333
2014-03-16 01:00:49	646.6135
2014-03-16 02:00:49	644.944333333
2014-03-16 03:00:49	642.664166667
2014-03-16 04:00:48	641.6895
2014-03-16 05:00:50	641.2715
2014-03-16 06:00:49	641.6445
2014-03-16 07:00:49	640.116666667
2014-03-16 08:00:49	641.129333333
2014-03-16 09:00:49	642.237166667
2014-03-16 10:00:48	642.942166667
2014-03-16 11:00:48	642.599166667
2014-03-16 12:00:48	642.979666667
2014-03-16 13:00:48	641.958833333
2014-03-16 14:00:48	641.489833333
2014-03-16 15:00:48	642.231166667
2014-03-16 16:00:48	642.173333333
2014-03-16 17:00:49	642.969166667
2014-03-16 18:00:48	642.993833333
2014-03-16 19:00:49	642.829166667
2014-03-16 20:00:48	642.8795
2014-03-16 21:00:49	642.223
2014-03-16 22:00:49	641.8605
2014-03-16 23:00:48	640.749166667
2014-03-17 00:00:48	641.167
2014-03-17 01:00:48	640.122166667
2014-03-17 02:00:48	634.2155
2014-03-17 03:00:48	632.512666667
2014-03-17 04:00:47	633.688833333
2014-03-17 05:00:48	630.648666667
2014-03-17 06:00:49	631.2765
2014-03-17 07:00:47	632.681333333
2014-03-17 08:00:48	632.493
2014-03-17 09:00:48	632.084666667
2014-03-17 10:00:48	632.95
2014-03-17 11:00:48	633.641333333
2014-03-17 12:00:47	635.1405
2014-03-17 13:00:47	635.989
2014-03-17 14:00:48	632.898666667
2014-03-17 15:00:48	633.395166667
2014-03-17 16:00:48	632.809
2014-03-17 17:00:48	631.731666667
2014-03-17 18:00:48	631.602
2014-03-17 19:00:47	631.161960784
2014-03-17 20:00:48	629.684666667
2014-03-17 21:00:48	629.6615
2014-03-17 22:00:48	627.125666667
2014-03-17 23:00:48	623.785666667
2014-03-18 00:00:47	620.2805
2014-03-18 01:00:48	620.6325
2014-03-18 02:00:48	622.944333333
2014-03-18 03:00:47	625.378
2014-03-18 04:00:48	624.726833333
2014-03-18 05:00:51	621.5815
2014-03-18 06:00:48	610.8765
2014-03-18 07:00:48	614.899
2014-03-18 08:00:48	621.662333333
2014-03-18 09:00:48	620.373333333
2014-03-18 10:00:48	619.316166667
2014-03-18 11:00:48	621.263833333
2014-03-18 12:00:48	618.484
2014-03-18 13:00:47	622.338666667
2014-03-18 14:00:48	625.9675
2014-03-18 15:00:47	625.119333333
2014-03-18 16:00:47	623.2955
2014-03-18 17:00:48	623.241166667
2014-03-18 18:00:50	625.587
2014-03-18 19:00:48	626.005333333
2014-03-18 20:01:08	624.8805
2014-03-18 21:00:48	623.345
2014-03-18 22:00:47	625.177166667
2014-03-18 23:00:55	625.9655
2014-03-19 00:00:48	623.2535
2014-03-19 01:00:47	622.297166667
2014-03-19 02:00:47	621.421833333
2014-03-19 03:00:47	622.622166667
2014-03-19 04:00:47	623.9435
2014-03-19 05:00:47	621.440333333
2014-03-19 06:00:47	620.2505
2014-03-19 07:00:47	618.6735
2014-03-19 08:00:48	619.421833333
2014-03-19 09:00:48	617.253833333
2014-03-19 10:00:47	616.352333333
2014-03-19 11:00:47	617.36
2014-03-19 12:00:47	616.226
2014-03-19 13:00:47	617.023
2014-03-19 14:00:47	617.964333333
2014-03-19 15:00:47	618.236
2014-03-19 16:00:47	618.564166667
2014-03-19 17:00:47	618.213833333
2014-03-19 18:00:47	616.534666667
2014-03-19 19:00:47	613.849833333
2014-03-19 20:00:47	611.808166667
2014-03-19 21:00:47	609.5265
2014-03-19 22:00:47	606.782
2014-03-19 23:00:47	608.458833333
2014-03-20 00:00:47	608.6605
2014-03-20 01:00:47	609.176166667
2014-03-20 02:00:47	612.243333333
2014-03-20 03:00:46	610.755666667
2014-03-20 04:00:47	603.381666667
2014-03-20 05:00:47	600.938833333
2014-03-20 06:00:47	601.440333333
2014-03-20 07:00:46	601.461333333
2014-03-20 08:00:47	594.539833333
2014-03-20 09:00:47	598.66
2014-03-20 10:00:46	597.266833333
2014-03-20 11:00:47	598.723333333
2014-03-20 12:00:47	597.963666667
2014-03-20 13:00:46	600.147666667
2014-03-20 14:00:46	601.084833333
2014-03-20 15:00:46	597.259166667
2014-03-20 16:00:46	596.806
2014-03-20 17:00:46	595.251166667
2014-03-20 18:00:46	595.354333333
2014-03-20 19:00:46	593.555666667
2014-03-20 20:00:47	589.425333333
2014-03-20 21:00:46	588.995166667
2014-03-20 22:00:46	588.986333333
2014-03-20 23:00:45	588.215166667
2014-03-21 00:00:51	593.658
2014-03-21 01:00:49	603.111666667
2014-03-21 02:00:46	606.832833333
2014-03-21 03:00:46	610.743833333
2014-03-21 04:00:46	603.3105
2014-03-21 05:00:47	580.822333333
2014-03-21 06:00:46	583.7735
2014-03-21 07:00:46	580.962833333
2014-03-21 08:00:45	581.914833333
2014-03-21 09:00:46	580.853
2014-03-21 10:00:46	585.078833333
2014-03-21 11:00:46	587.38
2014-03-21 12:00:46	588.389666667
2014-03-21 13:00:46	590.2225
2014-03-21 14:00:45	587.225833333
2014-03-21 15:00:45	588.174
2014-03-21 16:00:45	586.110166667
2014-03-21 17:00:45	577.113333333
2014-03-21 18:00:46	577.388166667
2014-03-21 19:00:46	577.631666667
2014-03-21 20:00:46	578.634666667
2014-03-21 21:00:46	576.71
2014-03-21 22:00:46	578.1185
2014-03-21 23:00:45	578.396333333
2014-03-22 00:00:45	578.500666667
2014-03-22 01:00:45	576.103333333
2014-03-22 02:00:45	572.497333333
2014-03-22 03:00:45	569.904333333
2014-03-22 04:00:45	561.878166667
2014-03-22 05:00:46	564.609333333
2014-03-22 06:00:45	565.300666667
2014-03-22 07:00:45	563.415
2014-03-22 08:00:45	566.007666667
2014-03-22 09:00:45	562.992333333
2014-03-22 10:00:45	565.829333333
2014-03-22 11:00:45	567.109666667
2014-03-22 12:00:45	563.726833333
2014-03-22 13:00:45	565.8265
2014-03-22 14:00:46	568.283833333
2014-03-22 15:00:46	572.819
2014-03-22 16:00:45	575.69
2014-03-22 17:00:45	574.422833333
2014-03-22 18:00:45	571.7705
2014-03-22 19:00:45	572.916166667
2014-03-22 20:00:45	573.0915
2014-03-22 21:00:45	573.278
2014-03-22 22:00:45	574.015666667
2014-03-22 23:00:44	573.976166667
2014-03-23 00:00:45	570.938166667
2014-03-23 01:00:45	572.657833333
2014-03-23 02:00:44	574.170166667
2014-03-23 03:00:45	574.824833333
2014-03-23 04:00:45	571.999166667
2014-03-23 05:00:45	570.448666667
2014-03-23 06:00:44	567.675833333
2014-03-23 07:00:45	572.007666667
2014-03-23 08:00:44	575.27
2014-03-23 09:00:45	574.124833333
2014-03-23 10:00:44	573.858
2014-03-23 11:00:44	575.088333333
2014-03-23 12:00:45	575.525333333
2014-03-23 13:00:45	575.683666667
2014-03-23 14:00:45	571.906333333
2014-03-23 15:00:44	572.106833333
2014-03-23 16:00:44	574.265
2014-03-23 17:00:45	569.336333333
2014-03-23 18:00:44	567.914833333
2014-03-23 19:00:44	564.213666667
2014-03-23 20:00:44	559.9205
2014-03-23 21:00:43	561.611
2014-03-23 22:00:44	564.035166667
2014-03-23 23:00:45	563.783166667
2014-03-24 00:00:46	561.403833333
2014-03-24 01:00:44	561.323166667
2014-03-24 02:00:44	561.857333333
2014-03-24 03:00:44	563.620666667
2014-03-24 04:00:44	565.508166667
2014-03-24 05:00:43	571.322833333
2014-03-24 06:00:44	571.922
2014-03-24 07:00:44	572.300166667
2014-03-24 08:00:43	572.324833333
2014-03-24 09:00:44	572.001166667
2014-03-24 10:00:45	572.313166667
2014-03-24 11:00:43	572.694166667
2014-03-24 12:00:43	581.131
2014-03-24 13:00:44	582.198666667
2014-03-24 14:00:44	584.1255
2014-03-24 15:00:44	593.0195
2014-03-24 16:00:44	593.795666667
2014-03-24 17:00:44	594.146
2014-03-24 18:00:43	591.431333333
2014-03-24 19:00:44	581.971333333
2014-03-24 20:00:44	583.9035
2014-03-24 21:00:44	585.9235
2014-03-24 22:00:43	584.307666667
2014-03-24 23:00:44	587.340166667
2014-03-25 00:00:44	586.973166667
2014-03-25 01:00:44	587.684
2014-03-25 02:00:44	584.740666667
2014-03-25 03:00:44	581.764666667
2014-03-25 04:02:14	581.721785714
2014-03-25 05:00:13	583.127307692
2014-03-25 06:00:44	583.483684211
2014-03-25 07:00:44	588.435357143
2014-03-25 08:00:46	586.502545455
2014-03-25 09:00:43	585.537272727
2014-03-25 10:00:43	585.552909091
2014-03-25 11:02:14	584.769298246
2014-03-25 12:00:43	591.302641509
2014-03-25 13:00:43	591.625087719
2014-03-25 14:00:44	591.082777778
2014-03-25 15:00:54	589.811785714
2014-03-25 16:00:43	590.73754717
2014-03-25 17:01:15	592.086078431
2014-03-25 18:00:43	589.455178571
2014-03-25 19:00:43	585.59625
2014-03-25 20:00:43	587.68
2014-03-25 21:00:43	584.647857143
2014-03-25 22:00:43	579.353846154
2014-03-25 23:00:44	581.854716981
2014-03-26 00:00:13	581.700196078
2014-03-26 01:00:43	577.857894737
2014-03-26 02:01:13	578.973454545
2014-03-26 03:00:43	587.905438596
2014-03-26 04:00:43	591.623928571
2014-03-26 05:00:43	590.831896552
2014-03-26 06:00:43	593.639423077
2014-03-26 07:01:13	596.641551724
2014-03-26 08:01:13	596.980566038
2014-03-26 09:00:42	594.481698113
2014-03-26 10:00:13	594.267142857
2014-03-26 11:00:43	595.067017544
2014-03-26 12:00:43	593.806792453
2014-03-26 13:00:13	593.196851852
2014-03-26 14:00:42	591.990185185
2014-03-26 15:00:43	591.659827586
2014-03-26 16:00:43	590.592909091
2014-03-26 17:00:42	588.606271186
2014-03-26 18:02:13	587.415
2014-03-26 19:00:42	584.503076923
2014-03-26 20:00:43	574.012830189
2014-03-26 21:00:43	571.849636364
2014-03-26 22:00:43	574.986603774
2014-03-26 23:00:42	571.485961538
2014-03-27 00:00:42	573.107142857
2014-03-27 01:00:43	571.046071429
2014-03-27 02:00:41	566.016363636
2014-03-27 03:00:42	564.842264151
2014-03-27 04:00:42	564.2186
2014-03-27 05:00:42	566.368333333
2014-03-27 06:00:42	561.251166667
2014-03-27 07:00:42	544.366
2014-03-27 08:00:42	528.6865
2014-03-27 09:00:49	531.816
2014-03-27 10:00:42	532.305666667
2014-03-27 11:00:42	532.1
2014-03-27 12:00:42	527.738166667
2014-03-27 13:00:42	526.661833333
2014-03-27 14:00:42	523.338833333
2014-03-27 15:00:42	521.546666667
2014-03-27 16:00:42	523.149
2014-03-27 17:00:42	497.698333333
2014-03-27 18:00:42	489.631166667
2014-03-27 19:00:42	503.770166667
2014-03-27 20:00:42	516.673333333
2014-03-27 21:00:42	525.2255
2014-03-27 22:00:42	516.207833333
2014-03-27 23:00:42	526.541666667
2014-03-28 00:00:42	530.0685
2014-03-28 01:00:42	529.9905
2014-03-28 02:00:42	513.539333333
2014-03-28 03:00:42	514.545166667
2014-03-28 04:00:42	512.087166667
2014-03-28 05:00:41	511.506333333
2014-03-28 06:00:41	512.5015
2014-03-28 07:00:41	522.260833333
2014-03-28 08:00:42	524.693333333
2014-03-28 09:00:41	518.924
2014-03-28 10:00:41	515.2025
2014-03-28 11:00:41	513.067333333
2014-03-28 12:00:40	513.006833333
2014-03-28 13:00:42	504.918833333
2014-03-28 14:00:41	499.132
2014-03-28 15:00:42	504.853833333
2014-03-28 16:00:41	512.231666667
2014-03-28 17:00:42	507.654666667
2014-03-28 18:00:42	513.542333333
2014-03-28 19:00:49	511.307333333
2014-03-28 20:00:41	510.112666667
2014-03-28 21:00:42	509.381166667
2014-03-28 22:00:41	510.2735
2014-03-28 23:00:42	511.587
2014-03-29 00:00:43	506.701166667
2014-03-29 01:00:40	506.721666667
2014-03-29 02:00:41	509.604333333
2014-03-29 03:00:41	509.886166667
2014-03-29 04:00:41	512.672
2014-03-29 05:00:41	512.671833333
2014-03-29 06:00:41	507.275762712
2014-03-29 07:00:40	509.825833333
2014-03-29 08:00:40	508.668
2014-03-29 09:00:41	508.462
2014-03-29 10:00:41	509.501666667
2014-03-29 11:00:41	509.485333333
2014-03-29 12:00:41	506.754833333
2014-03-29 13:00:40	506.914333333
2014-03-29 14:00:41	507.123833333
2014-03-29 15:00:40	503.597166667
2014-03-29 16:00:40	501.3415
2014-03-29 17:00:41	499.319166667
2014-03-29 18:00:41	496.504833333
2014-03-29 19:00:41	492.789666667
2014-03-29 20:00:41	492.751166667
2014-03-29 21:00:40	495.362666667
2014-03-29 22:00:41	493.474666667
2014-03-29 23:00:40	489.989666667
2014-03-30 00:00:41	484.578666667
2014-03-30 01:00:40	484.523333333
2014-03-30 02:00:40	490.47
2014-03-30 03:00:40	487.926166667
2014-03-30 04:00:41	482.204666667
2014-03-30 05:00:41	481.46
2014-03-30 06:00:41	477.493666667
2014-03-30 07:00:41	467.357833333
2014-03-30 08:00:40	460.154333333
2014-03-30 09:00:40	454.9005
2014-03-30 10:00:41	454.035166667
2014-03-30 11:00:39	466.711166667
2014-03-30 12:00:41	467.717666667
2014-03-30 13:00:40	466.5805
2014-03-30 14:00:40	459.567666667
2014-03-30 15:00:40	463.442244898
2014-03-30 16:00:40	472.505
2014-03-30 17:00:41	469.390166667
2014-03-30 18:00:40	474.4295
2014-03-30 19:00:40	486.042
2014-03-30 20:00:40	488.268166667
2014-03-30 21:00:40	485.209166667
2014-03-30 22:00:40	460.620833333
2014-03-30 23:00:40	455.269
2014-03-31 00:00:40	451.5055
2014-03-31 01:00:40	457.272333333
2014-03-31 02:00:39	458.442666667
2014-03-31 03:00:40	454.907833333
2014-03-31 04:00:40	454.759833333
2014-03-31 05:00:40	455.482
2014-03-31 06:00:40	464.150666667
2014-03-31 07:00:40	468.622166667
2014-03-31 08:00:40	469.2905
2014-03-31 09:00:40	473.134166667
2014-03-31 10:00:39	472.1845
2014-03-31 11:00:40	470.547
2014-03-31 12:00:39	465.880833333
2014-03-31 13:00:40	464.241333333
2014-03-31 14:00:39	461.820333333
2014-03-31 15:00:39	461.9775
2014-03-31 16:00:40	462.348135593
2014-03-31 17:00:40	465.109833333
2014-03-31 18:00:39	466.628666667
2014-03-31 19:00:39	468.7405
2014-03-31 20:00:39	466.244
2014-03-31 21:00:40	470.601833333
2014-03-31 22:00:39	472.178833333
2014-03-31 23:00:39	467.857166667
2014-04-01 00:00:39	474.6985
2014-04-01 01:00:39	490.722
2014-04-01 02:00:40	500.067666667
2014-04-01 03:00:39	494.113833333
2014-04-01 04:00:40	489.001666667
2014-04-01 05:00:39	492.586333333
2014-04-01 06:00:39	485.449333333
2014-04-01 07:00:40	486.922068966
2014-04-01 08:00:40	482.8495
2014-04-01 09:00:40	485.195
2014-04-01 10:00:39	492.154
2014-04-01 11:00:40	491.478666667
2014-04-01 12:00:39	488.579833333
2014-04-01 13:00:41	486.990833333
2014-04-01 14:00:39	485.4205
2014-04-01 15:00:40	489.28
2014-04-01 16:00:39	489.625166667
2014-04-01 17:00:39	487.102166667
2014-04-01 18:00:39	486.502833333
2014-04-01 19:00:38	487.870666667
2014-04-01 20:00:49	488.399833333
2014-04-01 21:00:39	487.277833333
2014-04-01 22:00:39	485.224
2014-04-01 23:00:39	483.924666667
2014-04-02 00:00:39	484.051833333
2014-04-02 01:00:40	485.4955
2014-04-02 02:00:39	487.064166667
2014-04-02 03:00:40	496.985666667
2014-04-02 04:00:39	498.1465
2014-04-02 05:00:39	498.199666667
2014-04-02 06:00:39	491.2565
2014-04-02 07:00:39	486.017666667
2014-04-02 08:00:39	471.869666667
2014-04-02 09:00:38	457.608166667
2014-04-02 10:00:38	458.732833333
2014-04-02 11:00:38	444.4105
2014-04-02 12:00:38	447.791
2014-04-02 13:00:39	451.91
2014-04-02 14:00:39	445.155166667
2014-04-02 15:00:38	446.829333333
2014-04-02 16:00:38	444.520333333
2014-04-02 17:00:39	446.286166667
2014-04-02 18:00:39	439.460833333
2014-04-02 19:00:39	435.975833333
2014-04-02 20:00:39	430.093666667
2014-04-02 21:00:39	436.1015
2014-04-02 22:00:38	437.013166667
2014-04-02 23:00:38	433.915333333
2014-04-03 00:00:39	428.292833333
2014-04-03 01:00:38	425.9185
2014-04-03 02:00:38	425.920833333
2014-04-03 03:00:38	428.427833333
2014-04-03 04:00:38	442.849333333
2014-04-03 05:00:39	440.872333333
2014-04-03 06:00:38	442.083166667
2014-04-03 07:00:38	438.472666667
2014-04-03 08:00:38	436.118833333
2014-04-03 09:00:38	444.005833333
2014-04-03 10:00:38	457.012166667
2014-04-03 11:00:38	453.639166667
2014-04-03 12:00:38	454.860666667
2014-04-03 13:00:39	456.410517241
2014-04-03 14:00:38	458.850333333
2014-04-03 15:00:39	454.158666667
2014-04-03 16:00:38	455.309333333
2014-04-03 17:00:38	456.681333333
2014-04-03 20:35:38	457.041428571
2014-04-03 21:00:37	445.0688
2014-04-03 22:00:38	441.899333333
2014-04-03 23:00:38	441.5555
2014-04-04 00:00:37	444.228
2014-04-04 01:00:38	453.506833333
2014-04-04 02:00:38	453.343191489
2014-04-04 03:00:38	449.897758621
2014-04-04 04:00:38	457.3705
2014-04-04 05:00:38	459.514666667
2014-04-04 06:00:38	462.805833333
2014-04-04 07:00:38	453.482372881
2014-04-04 08:00:37	450.4845
2014-04-04 09:00:38	449.654333333
2014-04-04 10:00:37	451.1655
2014-04-04 11:00:37	450.313666667
2014-04-04 12:00:38	451.167
2014-04-04 13:00:37	452.865
2014-04-04 14:00:37	454.380666667
2014-04-04 15:00:38	456.4735
2014-04-04 16:00:36	457.346
2014-04-04 17:00:37	455.7105
2014-04-04 18:00:36	455.823666667
2014-04-04 19:00:37	454.1115
2014-04-04 20:00:37	457.504333333
2014-04-04 21:00:37	459.722
2014-04-04 22:00:37	460.119166667
2014-04-04 23:00:37	461.514
2014-04-05 00:00:37	458.240166667
2014-04-05 01:00:38	454.801166667
2014-04-05 02:00:37	457.814333333
2014-04-05 03:00:37	455.937166667
2014-04-05 04:00:38	454.431166667
2014-04-05 05:00:37	456.818666667
2014-04-05 06:00:37	455.478833333
2014-04-05 07:00:38	455.9475
2014-04-05 08:00:37	456.659
2014-04-05 09:00:36	457.579166667
2014-04-05 10:00:37	459.9505
2014-04-05 11:00:37	458.859
2014-04-05 12:00:37	458.867333333
2014-04-05 13:00:37	461.0245
2014-04-05 14:00:37	461.779333333
2014-04-05 15:00:37	461.654333333
2014-04-05 16:00:37	462.874
2014-04-05 17:00:36	466.696666667
2014-04-05 18:00:37	470.020333333
2014-04-05 19:00:36	469.3195
2014-04-05 20:00:37	468.266666667
2014-04-05 21:00:36	470.543833333
2014-04-05 22:00:36	470.6665
2014-04-05 23:00:37	470.078
2014-04-06 00:00:37	469.801333333
2014-04-06 01:00:37	465.7045
2014-04-06 02:00:37	466.204
2014-04-06 03:00:37	466.404333333
2014-04-06 04:00:36	463.145833333
2014-04-06 05:00:37	461.2735
2014-04-06 06:00:37	459.459333333
2014-04-06 07:00:36	460.724166667
2014-04-06 08:00:36	461.811
2014-04-06 09:00:36	461.596166667
2014-04-06 10:00:36	462.494333333
2014-04-06 11:00:37	464.818666667
2014-04-06 12:00:36	466.371666667
2014-04-06 13:00:36	466.323166667
2014-04-06 14:00:36	464.428
2014-04-06 15:00:37	463.076166667
2014-04-06 16:00:36	465.799
2014-04-06 17:00:36	465.9885
2014-04-06 18:00:36	467.9815
2014-04-06 19:00:35	463.439166667
2014-04-06 20:00:36	460.656
2014-04-06 21:00:36	462.798
2014-04-06 22:00:36	464.432666667
2014-04-06 23:00:36	464.3945
2014-04-07 00:00:35	465.178
2014-04-07 01:00:36	465.841666667
2014-04-07 02:00:36	465.997
2014-04-07 03:00:35	464.583333333
2014-04-07 04:00:36	464.367666667
2014-04-07 05:00:36	465.274166667
2014-04-07 06:00:36	466.428666667
2014-04-07 07:00:36	465.328833333
2014-04-07 08:00:35	461.148333333
2014-04-07 09:00:35	455.595833333
2014-04-07 10:00:36	454.716
2014-04-07 11:00:36	455.607333333
2014-04-07 12:00:35	455.762833333
2014-04-07 13:00:36	458.173
2014-04-07 14:00:36	459.781166667
2014-04-07 15:00:35	458.216833333
2014-04-07 16:00:35	457.9315
2014-04-07 17:00:36	456.272833333
2014-04-07 18:00:36	454.274333333
2014-04-07 19:00:36	459.447666667
2014-04-07 20:00:35	459.761666667
2014-04-07 21:00:35	461.343166667
2014-04-07 22:00:35	460.583833333
2014-04-07 23:00:35	460.7955
2014-04-08 00:00:35	460.737333333
2014-04-08 01:00:35	463.800666667
2014-04-08 02:00:35	462.080833333
2014-04-08 03:00:35	460.819833333
2014-04-08 04:00:36	460.924333333
2014-04-08 05:00:36	457.234833333
2014-04-08 06:00:35	458.471666667
2014-04-08 07:00:36	458.491833333
2014-04-08 08:00:35	460.007166667
2014-04-08 09:00:35	461.3545
2014-04-08 10:00:36	460.9325
2014-04-08 11:00:35	460.1905
2014-04-08 12:00:36	459.523833333
2014-04-08 13:00:35	461.400666667
2014-04-08 14:00:35	460.196166667
2014-04-08 15:00:35	456.225333333
2014-04-08 16:00:35	458.67
2014-04-08 17:00:35	459.114166667
2014-04-08 18:00:34	459.1325
2014-04-08 19:00:35	459.826
2014-04-08 20:00:35	462.217333333
2014-04-08 21:00:35	461.1215
2014-04-08 22:00:35	462.128
2014-04-08 23:00:34	460.563559322
2014-04-09 00:00:35	459.751166667
2014-04-09 01:00:34	459.152833333
2014-04-09 02:00:35	458.447333333
2014-04-09 03:00:34	458.542666667
2014-04-09 04:00:34	457.903
2014-04-09 05:00:35	457.334166667
2014-04-09 06:00:35	453.020166667
2014-04-09 07:00:35	451.247833333
2014-04-09 08:00:34	450.939333333
2014-04-09 09:00:35	450.008
2014-04-09 10:00:34	449.840833333
2014-04-09 11:00:34	449.735333333
2014-04-09 12:00:35	450.3675
2014-04-09 13:00:34	449.781666667
2014-04-09 14:00:35	450.284
2014-04-09 15:00:34	447.958
2014-04-09 16:00:34	448.913166667
2014-04-09 17:00:34	449.456166667
2014-04-09 18:00:34	447.681666667
2014-04-09 19:00:34	446.876
2014-04-09 20:00:35	445.058
2014-04-09 21:00:34	435.909666667
2014-04-09 22:00:34	429.507666667
2014-04-09 23:00:34	421.8185
2014-04-10 00:00:35	419.019
2014-04-10 01:00:34	413.548333333
2014-04-10 02:00:34	416.2385
2014-04-10 03:00:34	419.219666667
2014-04-10 04:00:34	414.560166667
2014-04-10 05:00:35	415.033166667
2014-04-10 06:00:34	417.21
2014-04-10 07:00:33	417.700833333
2014-04-10 08:00:34	416.2135
2014-04-10 09:00:34	401.524666667
2014-04-10 10:00:34	402.474333333
2014-04-10 11:00:34	406.069333333
2014-04-10 12:00:34	406.492333333
2014-04-10 13:00:34	401.2825
2014-04-10 14:00:34	398.369166667
2014-04-10 15:00:33	395.207833333
2014-04-10 16:00:34	386.678833333
2014-04-10 17:00:34	377.449333333
2014-04-10 18:00:34	363.5395
2014-04-10 19:00:34	361.995833333
2014-04-10 20:00:33	370.277333333
2014-04-10 21:00:33	377.8725
2014-04-10 22:00:34	394.713833333
2014-04-10 23:00:34	406.8945
2014-04-11 00:00:33	406.6755
2014-04-11 01:00:33	407.320333333
2014-04-11 02:00:33	401.757166667
2014-04-11 03:00:33	400.484833333
2014-04-11 04:00:33	407.608833333
2014-04-11 05:00:34	412.338333333
2014-04-11 06:00:34	430.925833333
2014-04-11 07:00:34	429.891333333
2014-04-11 08:00:33	428.334833333
2014-04-11 09:00:34	426.8135
2014-04-11 10:00:33	430.419833333
2014-04-11 11:00:33	432.548833333
2014-04-11 12:00:33	433.947166667
2014-04-11 13:00:33	430.234166667
2014-04-11 14:00:33	426.845166667
2014-04-11 15:00:33	427.167
2014-04-11 16:00:33	426.897833333
2014-04-11 17:00:33	428.963666667
2014-04-11 18:00:34	433.41
2014-04-11 19:00:33	440.235166667
2014-04-11 20:00:33	440.3755
2014-04-11 21:00:33	445.081333333
2014-04-11 22:00:33	445.055666667
2014-04-11 23:00:34	440.661666667
2014-04-12 00:00:33	439.7505
2014-04-12 01:00:33	431.609333333
2014-04-12 02:00:33	431.648666667
2014-04-12 03:00:33	430.456666667
2014-04-12 04:00:32	430.815666667
2014-04-12 05:00:33	433.1955
2014-04-12 06:00:33	429.574
2014-04-12 07:00:34	425.688166667
2014-04-12 08:00:33	424.844333333
2014-04-12 09:00:33	429.878166667
2014-04-12 10:00:33	429.761833333
2014-04-12 11:00:33	432.821333333
2014-04-12 12:00:33	430.718666667
2014-04-12 13:00:33	430.447333333
2014-04-12 14:00:33	432.361166667
2014-04-12 15:00:33	432.589833333
2014-04-12 16:00:33	433.812333333
2014-04-12 17:00:32	432.450166667
2014-04-12 18:00:32	431.995333333
2014-04-12 19:00:33	432.838
2014-04-12 20:00:33	432.8655
2014-04-12 21:00:32	431.137333333
2014-04-12 22:00:33	433.248166667
2014-04-12 23:00:32	432.664166667
2014-04-13 00:00:33	431.354666667
2014-04-13 01:00:33	431.291666667
2014-04-13 02:00:32	430.596333333
2014-04-13 03:00:32	430.859
2014-04-13 04:00:32	429.3175
2014-04-13 05:00:32	427.012833333
2014-04-13 06:00:33	420.960166667
2014-04-13 07:00:32	419.008833333
2014-04-13 08:00:32	418.970666667
2014-04-13 09:00:33	412.540166667
2014-04-13 10:00:33	408.682833333
2014-04-13 11:00:33	414.642833333
2014-04-13 12:00:32	414.379
2014-04-13 13:00:32	419.186333333
2014-04-13 14:00:32	417.781666667
2014-04-13 15:00:32	416.476166667
2014-04-13 16:00:32	420.288166667
2014-04-13 17:00:32	421.761166667
2014-04-13 18:00:33	422.389666667
2014-04-13 19:00:33	421.53
2014-04-13 20:00:32	416.8845
2014-04-13 21:00:32	417.706833333
2014-04-13 22:00:32	424.463833333
2014-04-13 23:00:32	435.091166667
2014-04-14 00:00:31	442.704666667
2014-04-14 01:00:32	454.421
2014-04-14 02:00:32	451.577
2014-04-14 03:00:32	451.946166667
2014-04-14 04:00:32	467.842833333
2014-04-14 05:00:31	473.369666667
2014-04-14 06:00:32	468.159
2014-04-14 07:00:31	465.6125
2014-04-14 08:00:32	460.372833333
2014-04-14 09:00:32	468.940666667
2014-04-14 10:00:32	473.372666667
2014-04-14 11:00:53	472.551333333
2014-04-14 12:00:32	467.761666667
2014-04-14 13:00:32	466.5205
2014-04-14 14:00:32	467.525333333
2014-04-14 15:00:32	463.150333333
2014-04-14 16:00:31	467.475
2014-04-14 17:00:32	468.907966102
2014-04-14 18:00:31	466.494333333
2014-04-14 19:00:31	468.937166667
2014-04-14 20:00:32	469.201
2014-04-14 21:00:31	462.3475
2014-04-14 22:00:32	462.816
2014-04-14 23:00:32	465.052333333
2014-04-15 00:00:31	474.169666667
2014-04-15 01:00:32	494.571333333
2014-04-15 02:00:31	500.098
2014-04-15 03:00:31	506.8995
2014-04-15 04:00:32	515.657666667
2014-04-15 05:00:31	511.8145
2014-04-15 06:00:32	501.3875
2014-04-15 07:00:30	500.333666667
2014-04-15 08:00:32	500.468166667
2014-04-15 09:00:31	501.6025
2014-04-15 10:00:32	507.027833333
2014-04-15 11:00:32	505.344
2014-04-15 12:00:31	498.719333333
2014-04-15 13:00:31	500.485166667
2014-04-15 14:00:31	504.418333333
2014-04-15 15:00:31	505.201333333
2014-04-15 16:00:30	517.162333333
2014-04-15 17:00:31	527.544
2014-04-15 18:00:31	526.373666667
2014-04-15 19:01:31	529.458
2014-04-15 20:00:31	525.997457627
2014-04-15 21:00:31	522.524166667
2014-04-15 22:00:31	523.833333333
2014-04-15 23:00:31	529.637333333
2014-04-16 00:00:31	536.7885
2014-04-16 01:00:31	539.678833333
2014-04-16 02:00:31	544.16
2014-04-16 03:00:30	517.323166667
2014-04-16 04:00:31	520.0985
2014-04-16 05:00:31	528.561666667
2014-04-16 06:00:31	520.169333333
2014-04-16 07:00:31	515.408333333
2014-04-16 08:00:31	518.810333333
2014-04-16 09:00:30	521.503
2014-04-16 10:00:31	519.498666667
2014-04-16 11:00:31	518.361
2014-04-16 12:00:32	516.784
2014-04-16 13:00:31	517.726610169
2014-04-16 14:00:30	520.129333333
2014-04-16 15:00:30	528.193833333
2014-04-16 16:00:30	535.516833333
2014-04-16 17:00:31	537.885666667
2014-04-16 18:00:30	537.760666667
2014-04-16 19:00:30	531.676333333
2014-04-16 20:00:31	531.431166667
2014-04-16 21:00:31	530.271333333
2014-04-16 22:00:30	533.303166667
2014-04-16 23:00:30	535.617666667
2014-04-17 00:00:30	531.575833333
2014-04-17 01:00:30	525.621666667
2014-04-17 02:00:30	513.909333333
2014-04-17 03:00:31	504.435666667
2014-04-17 04:00:30	498.316333333
2014-04-17 05:00:30	503.571166667
2014-04-17 06:00:29	505.877166667
2014-04-17 07:00:29	510.896166667
2014-04-17 08:00:31	510.404
2014-04-17 09:00:30	510.697833333
2014-04-17 10:00:29	507.7295
2014-04-17 11:00:30	500.8155
2014-04-17 12:00:29	502.335666667
2014-04-17 13:00:30	505.745833333
2014-04-17 14:00:31	507.842333333
2014-04-17 15:00:30	509.849166667
2014-04-17 16:00:30	512.826666667
2014-04-17 17:00:29	508.551
2014-04-17 18:00:30	504.5855
2014-04-17 19:00:30	503.763333333
2014-04-17 20:00:29	505.85
2014-04-17 21:00:29	503.510666667
2014-04-17 22:00:30	502.495833333
2014-04-17 23:00:29	502.872833333
2014-04-18 00:00:30	508.377333333
2014-04-18 01:00:30	504.960333333
2014-04-18 02:00:30	502.964666667
2014-04-18 03:00:30	496.278166667
2014-04-18 04:00:29	495.095
2014-04-18 05:00:30	492.9825
2014-04-18 06:00:30	485.3545
2014-04-18 07:00:29	482.248666667
2014-04-18 08:00:30	485.983
2014-04-18 09:00:30	487.134333333
2014-04-18 10:00:29	489.426666667
2014-04-18 11:00:30	487.610166667
2014-04-18 12:00:30	489.617666667
2014-04-18 13:00:30	490.66559322
2014-04-18 14:00:30	491.106833333
2014-04-18 15:00:29	491.275
2014-04-18 16:00:29	492.046
2014-04-18 17:00:29	490.794166667
2014-04-18 18:00:28	488.735666667
2014-04-18 19:00:29	486.372166667
2014-04-18 20:00:29	487.008833333
2014-04-18 21:00:29	485.611
2014-04-18 22:00:29	481.645166667
2014-04-18 23:00:29	480.941666667
2014-04-19 00:00:30	489.968833333
2014-04-19 01:00:29	500.535666667
2014-04-19 02:00:28	504.876333333
2014-04-19 03:00:29	503.227166667
2014-04-19 04:00:29	504.534166667
2014-04-19 05:00:29	505.936
2014-04-19 06:00:29	507.1255
2014-04-19 07:00:29	510.360666667
2014-04-19 08:00:29	510.8825
2014-04-19 09:00:29	507.413
2014-04-19 10:00:30	505.878333333
2014-04-19 11:00:28	505.9265
2014-04-19 12:00:29	508.6715
2014-04-19 13:00:29	511.03
2014-04-19 14:00:28	510.660166667
2014-04-19 15:00:28	508.47
2014-04-19 16:00:29	511.578666667
2014-04-19 17:00:29	511.574833333
2014-04-19 18:00:29	511.901666667
2014-04-19 19:00:28	511.415333333
2014-04-19 20:00:29	514.48
2014-04-19 21:00:28	519.001666667
2014-04-19 22:00:29	517.023166667
2014-04-19 23:00:29	517.574666667
2014-04-20 00:00:28	519.717
2014-04-20 01:00:29	517.8575
2014-04-20 02:00:28	517.1395
2014-04-20 03:00:29	515.424333333
2014-04-20 04:00:29	516.965
2014-04-20 05:00:28	516.067833333
2014-04-20 06:00:28	513.033333333
2014-04-20 07:00:29	510.924666667
2014-04-20 08:00:28	510.173166667
2014-04-20 09:00:28	508.231166667
2014-04-20 10:00:28	503.626166667
2014-04-20 11:00:28	504.608333333
2014-04-20 12:00:28	508.244833333
2014-04-20 13:00:29	508.724333333
2014-04-20 14:00:28	506.384166667
2014-04-20 15:00:28	505.502666667
2014-04-20 16:00:28	506.527
2014-04-20 17:00:28	508.793333333
2014-04-20 18:00:28	508.646
2014-04-20 19:00:28	514.365166667
2014-04-20 20:00:28	519.343333333
